"valid_name","Length","Ref_bodysize"
"Abudefduf bengalensis",17,"Fishbase2022"
"Abalistes stellatus",60,"Fishbase2022"
"Abudefduf sexfasciatus",19,"Fishbase2022"
"Abudefduf sordidus",24,"Fishbase2022"
"Abudefduf vaigiensis",20,"Fishbase2022"
"Abudefduf whitleyi",14,"Fishbase2022"
"Acanthaluteres brownii",55,"Fishbase2022"
"Acanthaluteres spilomelanurus",14,"Fishbase2022"
"Acanthaluteres vittiger",35,"Fishbase2022"
"Acanthistius cinctus",50,"Fishbase2022"
"Acanthistius ocellatus",45,"Fishbase2022"
"Acanthistius pardalotus",NA,"Fishbase2022"
"Acanthochromis polyacanthus",14,"Fishbase2022"
"Acanthopagrus australis",66,"Fishbase2022"
"Acanthopagrus latus",40,"Fishbase2022"
"Acanthurus achilles",24,"Fishbase2022"
"Acanthurus albipectoralis",33,"Fishbase2022"
"Acanthurus auranticavus",45,"Fishbase2022"
"Acanthurus bariene",50,"Fishbase2022"
"Acanthurus blochii",45,"Fishbase2022"
"Acanthurus dussumieri",54,"Fishbase2022"
"Acanthurus grammoptilus",35,"Fishbase2022"
"Acanthurus leucocheilus",45,"Fishbase2022"
"Acanthurus leucosternon",54,"Fishbase2022"
"Acanthurus lineatus",38,"Fishbase2022"
"Acanthurus maculiceps",40,"Fishbase2022"
"Acanthurus mata",50,"Fishbase2022"
"Acanthurus nigricans",21.2999992370605,"Fishbase2022"
"Acanthurus nigricauda",40,"Fishbase2022"
"Acanthurus nigrofuscus",21,"Fishbase2022"
"Acanthurus nigroris",25,"Fishbase2022"
"Acanthurus olivaceus",35,"Fishbase2022"
"Acanthurus pyroferus",29,"Fishbase2022"
"Acanthurus thompsoni",27,"Fishbase2022"
"Acanthurus triostegus",27,"Fishbase2022"
"Acanthurus xanthopterus",70,"Fishbase2022"
"Achoerodus gouldii",175,"Fishbase2022"
"Achoerodus viridis",62,"Fishbase2022"
"Aeoliscus strigatus",15,"Fishbase2022"
"Aetapcus maculatus",21,"Fishbase2022"
"Aethaloperca rogaa",60,"Fishbase2022"
"Afurcagobius tamarensis",11,"Fishbase2022"
"Aioliops novaeguineae",2.29999995231628,"Fishbase2022"
"Alepes vari",56,"Fishbase2022"
"Aluterus monoceros",76.1999969482422,"Fishbase2022"
"Aluterus scriptus",110,"Fishbase2022"
"Amanses scopas",20,"Fishbase2022"
"Ambassis jacksoniensis",7,"Fishbase2022"
"Amblyeleotris fasciata",8,"Fishbase2022"
"Amblyeleotris guttata",11,"Fishbase2022"
"Amblyeleotris gymnocephala",14,"Fishbase2022"
"Amblyeleotris periophthalma",11,"Fishbase2022"
"Amblyeleotris steinitzi",13,"Fishbase2022"
"Amblyeleotris wheeleri",10,"Fishbase2022"
"Amblyglyphidodon aureus",13,"Fishbase2022"
"Amblyglyphidodon curacao",11,"Fishbase2022"
"Amblyglyphidodon leucogaster",13,"Fishbase2022"
"Amblyglyphidodon orbicularis",8.30000019073486,"Fishbase2022"
"Amblyglyphidodon ternatensis",10,"Fishbase2022"
"Amblygobius decussatus",9.5,"Fishbase2022"
"Amblygobius nocturnus",10,"Fishbase2022"
"Amblygobius phalaena",15,"Fishbase2022"
"Amphichaetodon howensis",18,"Fishbase2022"
"Amphiprion akindynos",9,"Fishbase2022"
"Amphiprion chrysopterus",17,"Fishbase2022"
"Amphiprion clarkii",15,"Fishbase2022"
"Amphiprion latezonatus",14,"Fishbase2022"
"Amphiprion mccullochi",12,"Fishbase2022"
"Amphiprion melanopus",12,"Fishbase2022"
"Amphiprion ocellaris",11,"Fishbase2022"
"Amphiprion perideraion",10,"Fishbase2022"
"Amphiprion rubrocinctus",12,"Fishbase2022"
"Amphiprion sandaracinos",14,"Fishbase2022"
"Anampses caeruleopunctatus",42,"Fishbase2022"
"Anampses elegans",29,"Fishbase2022"
"Anampses femininus",24,"Fishbase2022"
"Anampses geographicus",31,"Fishbase2022"
"Anampses lennardi",28,"Fishbase2022"
"Anampses meleagrides",22,"Fishbase2022"
"Anampses neoguinaicus",20,"Fishbase2022"
"Anampses twistii",18,"Fishbase2022"
"Anaora tentaculata",6,"Fishbase2022"
"Anoplocapros amygdaloides",30,"Fishbase2022"
"Anoplocapros inermis",37,"Fishbase2022"
"Anoplocapros lenticularis",33,"Fishbase2022"
"Anyperodon leucogrammicus",65,"Fishbase2022"
"Aphareus furca",70,"Fishbase2022"
"Aplodactylus arctidens",65,"Fishbase2022"
"Aplodactylus etheridgii",45,"Fishbase2022"
"Aplodactylus lophodon",45,"Fishbase2022"
"Aplodactylus westralis",34.7000007629395,"Fishbase2022"
"Apolemichthys trimaculatus",26,"Fishbase2022"
"Aprion virescens",112,"Fishbase2022"
"Apterichtus flavicaudus",80,"Fishbase2022"
"Aracana aurita",20,"Fishbase2022"
"Aracana ornata",15,"Fishbase2022"
"Archamia bleekeri",10,"Fishbase2022"
"Argyrosomus japonicus",181,"Fishbase2022"
"Arothron caeruleopunctatus",80,"Fishbase2022"
"Arothron hispidus",50,"Fishbase2022"
"Arothron manilensis",31,"Fishbase2022"
"Arothron meleagris",50,"Fishbase2022"
"Arothron nigropunctatus",33,"Fishbase2022"
"Arothron stellatus",120,"Fishbase2022"
"Arripis georgiana",41,"Fishbase2022"
"Arripis trutta",89,"Fishbase2022"
"Arripis truttacea",96,"Fishbase2022"
"Arripis xylabion",85,"Fishbase2022"
"Aspasmogaster costata",5,"Fishbase2022"
"Aspidontus dussumieri",12,"Fishbase2022"
"Aspidontus taeniatus",11.5,"Fishbase2022"
"Assessor flavissimus",6,"Fishbase2022"
"Assessor macneilli",6,"Fishbase2022"
"Asterropteryx semipunctata",6.5,"Fishbase2022"
"Atherinomorus vaigiensis",17,"Fishbase2022"
"Atrosalarias holomelas",14.5,"Fishbase2022"
"Atule mate",30,"Fishbase2022"
"Atypichthys latus",30,"Fishbase2022"
"Atypichthys strigatus",25,"Fishbase2022"
"Aulacocephalus temminckii",40,"Fishbase2022"
"Aulostomus chinensis",80,"Fishbase2022"
"Austrolabrus maculatus",12.5500001907349,"Fishbase2022"
"Balistapus undulatus",30,"Fishbase2022"
"Balistoides conspicillum",50,"Fishbase2022"
"Balistoides viridescens",75,"Fishbase2022"
"Bathygobius krefftii",12,"Fishbase2022"
"Bathystethus cultratus",30,"Fishbase2022"
"Batrachomoeus dubius",35,"Fishbase2022"
"Belonoperca chabanaudi",15,"Fishbase2022"
"Blenniella chrysospilos",13,"Fishbase2022"
"Bovichtus angustifrons",28,"Fishbase2022"
"Brachaluteres jacksonianus",10,"Fishbase2022"
"Brachaluteres taylori",5,"Fishbase2022"
"Bodianus anthioides",24,"Fishbase2022"
"Bodianus axillaris",20,"Fishbase2022"
"Bodianus bilunulatus",55,"Fishbase2022"
"Bodianus diana",16.8999996185303,"Fishbase2022"
"Bodianus dictynna",14.3999996185303,"Fishbase2022"
"Bodianus frenchii",45,"Fishbase2022"
"Bodianus loxozonus",47,"Fishbase2022"
"Bodianus mesothorax",25,"Fishbase2022"
"Bodianus perditio",80,"Fishbase2022"
"Bolbometopon muricatum",130,"Fishbase2022"
"Bryaninops amplus",4.59999990463257,"Fishbase2022"
"Bryaninops erythrops",2.29999995231628,"Fishbase2022"
"Bryaninops natans",2.5,"Fishbase2022"
"Caesio caerulaurea",35,"Fishbase2022"
"Caesio cuning",60,"Fishbase2022"
"Caesio lunaris",40,"Fishbase2022"
"Caesio teres",40,"Fishbase2022"
"Caesioperca lepidoptera",30,"Fishbase2022"
"Caesioperca rasor",25,"Fishbase2022"
"Caesioscorpis theagenes",NA,"Fishbase2022"
"Callanthias australis",49,"Fishbase2022"
"Centropyge nox",10,"Fishbase2022"
"Chelmon marginalis",18,"Fishbase2022"
"Chelmon muelleri",20.5,"Fishbase2022"
"Chelmon rostratus",20,"Fishbase2022"
"Chelmonops curiosus",26,"Fishbase2022"
"Chelmonops truncatus",22,"Fishbase2022"
"Chironemus marmoratus",40,"Fishbase2022"
"Callogobius mucosus",11,"Fishbase2022"
"Calloplesiops altivelis",20,"Fishbase2022"
"Calotomus carolinus",54,"Fishbase2022"
"Cantherhines dumerilii",38,"Fishbase2022"
"Cantherhines fronticinctus",25,"Fishbase2022"
"Cantherhines pardalis",25,"Fishbase2022"
"Cantheschenia grandisquamis",26,"Fishbase2022"
"Canthigaster amboinensis",15,"Fishbase2022"
"Canthigaster axiologus",10.1000003814697,"Fishbase2022"
"Canthigaster bennetti",10,"Fishbase2022"
"Canthigaster callisterna",23,"Fishbase2022"
"Canthigaster janthinoptera",9,"Fishbase2022"
"Canthigaster papua",10,"Fishbase2022"
"Canthigaster valentini",11,"Fishbase2022"
"Caprichthys gymnura",11,"Fishbase2022"
"Carangoides ferdau",70,"Fishbase2022"
"Carangoides fulvoguttatus",120,"Fishbase2022"
"Carangoides gymnostethus",90,"Fishbase2022"
"Carangoides plagiotaenia",50,"Fishbase2022"
"Caranx ignobilis",170,"Fishbase2022"
"Caranx lugubris",100,"Fishbase2022"
"Caranx melampygus",117,"Fishbase2022"
"Caranx papuensis",88,"Fishbase2022"
"Caranx sexfasciatus",120,"Fishbase2022"
"Centroberyx lineatus",46,"Fishbase2022"
"Centrogenys vaigiensis",25,"Fishbase2022"
"Centropogon australis",15,"Fishbase2022"
"Centropyge bicolor",15,"Fishbase2022"
"Centropyge bispinosa",10,"Fishbase2022"
"Centropyge eibli",15,"Fishbase2022"
"Centropyge flavissima",14,"Fishbase2022"
"Centropyge heraldi",12,"Fishbase2022"
"Centropyge loriculus",15,"Fishbase2022"
"Centropyge tibicen",19,"Fishbase2022"
"Centropyge vrolikii",12,"Fishbase2022"
"Cephalopholis argus",60,"Fishbase2022"
"Cephalopholis boenak",30,"Fishbase2022"
"Cephalopholis cyanostigma",40,"Fishbase2022"
"Cephalopholis leopardus",24,"Fishbase2022"
"Cephalopholis microprion",25,"Fishbase2022"
"Cephalopholis miniata",50,"Fishbase2022"
"Cephalopholis sonnerati",57,"Fishbase2022"
"Cephalopholis spiloparaea",30,"Fishbase2022"
"Cephalopholis urodeta",28,"Fishbase2022"
"Cetoscarus ocellatus",80,"Fishbase2022"
"Chaetodon adiergastos",20,"Fishbase2022"
"Chaetodon assarius",13,"Fishbase2022"
"Chaetodon aureofasciatus",12.5,"Fishbase2022"
"Chaetodon auriga",23,"Fishbase2022"
"Chaetodon baronessa",16,"Fishbase2022"
"Chaetodon bennetti",20,"Fishbase2022"
"Chaetodon citrinellus",13,"Fishbase2022"
"Chaetodon decussatus",20,"Fishbase2022"
"Chaetodon ephippium",30,"Fishbase2022"
"Chaetodon flavirostris",20,"Fishbase2022"
"Chaetodon guentheri",18,"Fishbase2022"
"Chaetodon kleinii",15,"Fishbase2022"
"Chaetodon lineolatus",30,"Fishbase2022"
"Chaetodon lunula",20,"Fishbase2022"
"Chaetodon lunulatus",14,"Fishbase2022"
"Chaetodon melannotus",18,"Fishbase2022"
"Chaetodon mertensii",12.5,"Fishbase2022"
"Chaetodon meyeri",20,"Fishbase2022"
"Chaetodon ocellicaudus",15,"Fishbase2022"
"Chaetodon ornatissimus",20,"Fishbase2022"
"Chaetodon pelewensis",12.5,"Fishbase2022"
"Chaetodon plebeius",15,"Fishbase2022"
"Chaetodon punctatofasciatus",12,"Fishbase2022"
"Chaetodon rafflesii",18,"Fishbase2022"
"Chaetodon rainfordi",15,"Fishbase2022"
"Chaetodon reticulatus",18,"Fishbase2022"
"Chaetodon semeion",26,"Fishbase2022"
"Chaetodon speculum",18,"Fishbase2022"
"Chaetodon tricinctus",15,"Fishbase2022"
"Chaetodon trifascialis",18,"Fishbase2022"
"Chaetodon ulietensis",15,"Fishbase2022"
"Chaetodon unimaculatus",20,"Fishbase2022"
"Chaetodon vagabundus",23,"Fishbase2022"
"Chaetodontoplus conspicillatus",10,"Fishbase2022"
"Chaetodontoplus duboulayi",28,"Fishbase2022"
"Chaetodontoplus meredithi",25,"Fishbase2022"
"Chaetodontoplus mesoleucus",18,"Fishbase2022"
"Chaetodontoplus personifer",35,"Fishbase2022"
"Cheilinus chlorourus",45,"Fishbase2022"
"Cheilinus fasciatus",40,"Fishbase2022"
"Cheilinus oxycephalus",17,"Fishbase2022"
"Cheilinus trilobatus",45,"Fishbase2022"
"Cheilinus undulatus",229,"Fishbase2022"
"Cheilio inermis",50,"Fishbase2022"
"Cheilodipterus artus",18.7000007629395,"Fishbase2022"
"Cheilodipterus intermedius",20,"Fishbase2022"
"Cheilodipterus isostigmus",11,"Fishbase2022"
"Cheilodipterus macrodon",25,"Fishbase2022"
"Cheilodipterus quinquelineatus",13,"Fishbase2022"
"Cheiloprion labiatus",6,"Fishbase2022"
"Chilomycterus reticulatus",69.6999969482422,"Fishbase2022"
"Chirodactylus spectabilis",100,"Fishbase2022"
"Chironemus maculosus",35,"Fishbase2022"
"Chrysiptera biocellata",12.5,"Fishbase2022"
"Chrysiptera brownriggii",8,"Fishbase2022"
"Chrysiptera caesifrons",4.84999990463257,"Fishbase2022"
"Chrysiptera cyanea",8.5,"Fishbase2022"
"Chrysiptera flavipinnis",8,"Fishbase2022"
"Cleidopus gloriamaris",22,"Fishbase2022"
"Conger verreauxi",200,"Fishbase2022"
"Chlorurus bleekeri",49,"Fishbase2022"
"Chlorurus microrhinos",70,"Fishbase2022"
"Chlorurus rhakoura",44.2000007629395,"Fishbase2022"
"Chlorurus sordidus",40,"Fishbase2022"
"Choerodon anchorago",50,"Fishbase2022"
"Choerodon cauteroma",36,"Fishbase2022"
"Choerodon cephalotes",38,"Fishbase2022"
"Choerodon cyanodus",70,"Fishbase2022"
"Choerodon fasciatus",30,"Fishbase2022"
"Choerodon graphicus",51.5,"Fishbase2022"
"Choerodon rubescens",90,"Fishbase2022"
"Choerodon schoenleinii",100,"Fishbase2022"
"Choerodon vitta",20,"Fishbase2022"
"Chromis alpha",8.5,"Fishbase2022"
"Chromis atripectoralis",12,"Fishbase2022"
"Chromis chrysura",14,"Fishbase2022"
"Chromis cinerascens",13,"Fishbase2022"
"Chromis fumea",10,"Fishbase2022"
"Chromis hypsilepis",16,"Fishbase2022"
"Chromis kennensis",NA,"Fishbase2022"
"Chromis klunzingeri",6.5,"Fishbase2022"
"Chromis nitida",7,"Fishbase2022"
"Chromis ternatensis",10.5,"Fishbase2022"
"Chromis viridis",10,"Fishbase2022"
"Chromis weberi",13.5,"Fishbase2022"
"Chromis westaustralis",8.5,"Fishbase2022"
"Chromis xanthochira",14,"Fishbase2022"
"Chromis xanthura",17,"Fishbase2022"
"Chrysiptera hemicyanea",7,"Fishbase2022"
"Chrysiptera notialis",9,"Fishbase2022"
"Chrysiptera rex",7,"Fishbase2022"
"Chrysiptera rollandi",7.5,"Fishbase2022"
"Chrysiptera talboti",6,"Fishbase2022"
"Chrysiptera taupou",8,"Fishbase2022"
"Cirrhilabrus cyanopleura",15,"Fishbase2022"
"Cirrhilabrus exquisitus",12,"Fishbase2022"
"Cirrhilabrus laboutei",12,"Fishbase2022"
"Cirrhilabrus punctatus",13,"Fishbase2022"
"Cirrhilabrus randalli",8.44999980926514,"Fishbase2022"
"Cirrhilabrus scottorum",13,"Fishbase2022"
"Cirrhilabrus temminckii",9.89999961853027,"Fishbase2022"
"Cirrhitichthys aprinus",12.5,"Fishbase2022"
"Cirrhitichthys falco",7,"Fishbase2022"
"Cirrhitichthys oxycephalus",10,"Fishbase2022"
"Cirrhitus pinnulatus",30,"Fishbase2022"
"Cirripectes alboapicalis",15.5,"Fishbase2022"
"Cirripectes alleni",6.5,"Fishbase2022"
"Cirripectes castaneus",9.19999980926514,"Fishbase2022"
"Cirripectes chelomatus",9.39999961853027,"Fishbase2022"
"Cirripectes filamentosus",7.5,"Fishbase2022"
"Cirripectes hutchinsi",10.6000003814697,"Fishbase2022"
"Cirripectes stigmaticus",10,"Fishbase2022"
"Cirripectes variolosus",8.89999961853027,"Fishbase2022"
"Cnidoglanis macrocephalus",91,"Fishbase2022"
"Cochleoceps bicolor",7,"Fishbase2022"
"Cochleoceps orientalis",5.5,"Fishbase2022"
"Congrogadus subducens",45,"Fishbase2022"
"Coradion altivelis",18,"Fishbase2022"
"Coradion chrysozonus",15,"Fishbase2022"
"Coris auricularis",40,"Fishbase2022"
"Coris aurilineata",14,"Fishbase2022"
"Coris aygula",120,"Fishbase2022"
"Coris batuensis",17,"Fishbase2022"
"Coris bulbifrons",60,"Fishbase2022"
"Coris caudimacula",20,"Fishbase2022"
"Coris dorsomacula",38,"Fishbase2022"
"Coris gaimard",40,"Fishbase2022"
"Coris picta",25,"Fishbase2022"
"Coris pictoides",15,"Fishbase2022"
"Coris sandeyeri",25,"Fishbase2022"
"Cryptocentrus strigilliceps",12,"Fishbase2022"
"Corythoichthys conspicillatus",NA,"Fishbase2022"
"Crenimugil crenilabis",60,"Fishbase2022"
"Cristiceps aurantiacus",22,"Fishbase2022"
"Cromileptes altivelis",70,"Fishbase2022"
"Crossosalarias macrospilus",10,"Fishbase2022"
"Ctenochaetus binotatus",22,"Fishbase2022"
"Ctenochaetus cyanocheilus",16,"Fishbase2022"
"Ctenochaetus striatus",26,"Fishbase2022"
"Ctenochaetus truncatus",16,"Fishbase2022"
"Ctenogobiops mitodes",5.34000015258789,"Fishbase2022"
"Ctenogobiops pomastictus",8,"Fishbase2022"
"Cyclichthys orbicularis",30,"Fishbase2022"
"Cymbacephalus beauforti",50,"Fishbase2022"
"Cypho purpurascens",7.5,"Fishbase2022"
"Cyprinocirrhites polyactis",15,"Fishbase2022"
"Cyttus australis",41,"Fishbase2022"
"Dactylophora nigricans",120,"Fishbase2022"
"Dascyllus aruanus",10,"Fishbase2022"
"Dascyllus melanurus",8,"Fishbase2022"
"Dascyllus reticulatus",9,"Fishbase2022"
"Dascyllus trimaculatus",14,"Fishbase2022"
"Decapterus macarellus",46,"Fishbase2022"
"Decapterus muroadsi",50,"Fishbase2022"
"Dendrochirus brachypterus",17,"Fishbase2022"
"Dendrochirus zebra",25,"Fishbase2022"
"Diademichthys lineatus",5,"Fishbase2022"
"Diagramma pictum",100,"Fishbase2022"
"Dicotylichthys punctulatus",40,"Fishbase2022"
"Dinolestes lewini",84,"Fishbase2022"
"Diodon holocanthus",50,"Fishbase2022"
"Diodon hystrix",91,"Fishbase2022"
"Diodon nicthemerus",40,"Fishbase2022"
"Diplogrammus goramensis",10,"Fishbase2022"
"Diploprion bifasciatum",25,"Fishbase2022"
"Diproctacanthus xanthurus",10,"Fishbase2022"
"Dischistodus melanotus",16,"Fishbase2022"
"Dischistodus perspicillatus",18,"Fishbase2022"
"Dischistodus prosopotaenia",18.5,"Fishbase2022"
"Dischistodus pseudochrysopoecilus",18,"Fishbase2022"
"Dotalabrus alleni",8.44999980926514,"Fishbase2022"
"Dotalabrus aurantiacus",11.0500001907349,"Fishbase2022"
"Echeneis naucrates",110,"Fishbase2022"
"Ecsenius aequalis",4.30000019073486,"Fishbase2022"
"Ecsenius alleni",3.40000009536743,"Fishbase2022"
"Ecsenius bicolor",11,"Fishbase2022"
"Ecsenius fourmanoiri",4.90000009536743,"Fishbase2022"
"Ecsenius lividanalis",5,"Fishbase2022"
"Ecsenius mandibularis",7.5,"Fishbase2022"
"Ecsenius midas",13,"Fishbase2022"
"Ecsenius oculatus",4.69999980926514,"Fishbase2022"
"Ecsenius stictus",5.80000019073486,"Fishbase2022"
"Ecsenius trilineatus",3,"Fishbase2022"
"Ecsenius yaeyamaensis",6,"Fishbase2022"
"Elagatis bipinnulata",180,"Fishbase2022"
"Enchelycore ramosa",150,"Fishbase2022"
"Engraulis australis",15,"Fishbase2022"
"Enneapterygius atrogulare",5.30000019073486,"Fishbase2022"
"Enneapterygius howensis",3.5,"Fishbase2022"
"Enneapterygius larsonae",3.48000001907349,"Fishbase2022"
"Enneapterygius rufopileus",4.5,"Fishbase2022"
"Enneapterygius similis",3.20000004768372,"Fishbase2022"
"Enneapterygius tutuilae",4,"Fishbase2022"
"Enoplosus armatus",50,"Fishbase2022"
"Epinephelus bilobatus",33,"Fishbase2022"
"Eocallionymus papilio",10,"Fishbase2022"
"Epibulus insidiator",54,"Fishbase2022"
"Epinephelides armatus",56,"Fishbase2022"
"Epinephelus coioides",120,"Fishbase2022"
"Epinephelus corallicola",49,"Fishbase2022"
"Epinephelus cyanopodus",122,"Fishbase2022"
"Epinephelus daemelii",200,"Fishbase2022"
"Epinephelus fasciatus",40,"Fishbase2022"
"Epinephelus fuscoguttatus",120,"Fishbase2022"
"Epinephelus lanceolatus",270,"Fishbase2022"
"Epinephelus maculatus",60.5,"Fishbase2022"
"Epinephelus malabaricus",234,"Fishbase2022"
"Epinephelus melanostigma",35,"Fishbase2022"
"Epinephelus merra",32,"Fishbase2022"
"Epinephelus multinotatus",100,"Fishbase2022"
"Epinephelus ongus",40,"Fishbase2022"
"Epinephelus polyphekadion",90,"Fishbase2022"
"Epinephelus quoyanus",40,"Fishbase2022"
"Epinephelus rivulatus",45,"Fishbase2022"
"Epinephelus spilotoceps",35,"Fishbase2022"
"Epinephelus undulatostriatus",61,"Fishbase2022"
"Eubalichthys bucephalus",50,"Fishbase2022"
"Eubalichthys cyanoura",42,"Fishbase2022"
"Eubalichthys gunnii",60,"Fishbase2022"
"Eubalichthys mosaicus",60,"Fishbase2022"
"Eupetrichthys angustipes",12.3999996185303,"Fishbase2022"
"Euthynnus affinis",100,"Fishbase2022"
"Eviota atriventris",1.71000003814697,"Fishbase2022"
"Eviota bifasciata",3.5,"Fishbase2022"
"Eviota fasciola",2.5,"Fishbase2022"
"Eviota guttata",3.20000004768372,"Fishbase2022"
"Eviota hoesei",2.04999995231628,"Fishbase2022"
"Eviota melasma",3,"Fishbase2022"
"Eviota prasites",3,"Fishbase2022"
"Eviota queenslandica",2.40000009536743,"Fishbase2022"
"Eviota sebreei",2.5,"Fishbase2022"
"Eviota sigillata",3,"Fishbase2022"
"Eviota storthynx",2.5,"Fishbase2022"
"Exallias brevis",14.5,"Fishbase2022"
"Exyrias belissimus",15,"Fishbase2022"
"Festucalex cinctus",13,"Fishbase2022"
"Filicampus tigris",29.6000003814697,"Fishbase2022"
"Fistularia commersonii",160,"Fishbase2022"
"Fusigobius signipinnis",4.90000009536743,"Fishbase2022"
"Fistularia petimba",200,"Fishbase2022"
"Foetorepus calauropomus",30,"Fishbase2022"
"Forcipiger flavissimus",22,"Fishbase2022"
"Forcipiger longirostris",22,"Fishbase2022"
"Forsterygion varium",13,"Fishbase2022"
"Fusigobius duospilus",6,"Fishbase2022"
"Fusigobius inframaculatus",4.55000019073486,"Fishbase2022"
"Fusigobius melacron",3.51999998092651,"Fishbase2022"
"Fusigobius neophytus",7.5,"Fishbase2022"
"Genicanthus lamarck",25,"Fishbase2022"
"Genicanthus melanospilos",18,"Fishbase2022"
"Genicanthus semicinctus",21,"Fishbase2022"
"Genicanthus watanabei",15,"Fishbase2022"
"Gerres subfasciatus",20,"Fishbase2022"
"Girella cyanea",20,"Fishbase2022"
"Girella elevata",62,"Fishbase2022"
"Girella tephraeops",61,"Fishbase2022"
"Girella tricuspidata",71,"Fishbase2022"
"Girella zebra",34,"Fishbase2022"
"Glaucosoma hebraicum",122,"Fishbase2022"
"Glaucosoma magnificum",32,"Fishbase2022"
"Glyptoparus delicatulus",5,"Fishbase2022"
"Gnathanodon speciosus",120,"Fishbase2022"
"Gnathodentex aureolineatus",30,"Fishbase2022"
"Gnatholepis anjerensis",8.39999961853027,"Fishbase2022"
"Gnatholepis cauerensis",6,"Fishbase2022"
"Gobiodon citrinus",6.59999990463257,"Fishbase2022"
"Gymnothorax prasinus",91.5,"Fishbase2022"
"Halichoeres erdmanni",7.21999979019165,"Fishbase2022"
"Halichoeres hartzfeldii",18,"Fishbase2022"
"Halichoeres hortulanus",27,"Fishbase2022"
"Gobiodon histrio",3.5,"Fishbase2022"
"Gobiodon okinawae",3.5,"Fishbase2022"
"Gobiodon quinquestrigatus",4.5,"Fishbase2022"
"Gomphosus caeruleus",32,"Fishbase2022"
"Gomphosus varius",30,"Fishbase2022"
"Goniistius francisi",27.3700008392334,"Fishbase2022"
"Goniistius gibbosus",30,"Fishbase2022"
"Goniistius rubrolabiatus",NA,"Fishbase2022"
"Goniistius vestitus",35,"Fishbase2022"
"Gracila albomarginata",40,"Fishbase2022"
"Grammatorcynus bicarinatus",112,"Fishbase2022"
"Grammatorcynus bilineatus",100,"Fishbase2022"
"Grammistes sexlineatus",30,"Fishbase2022"
"Gymnocranius audleyi",40,"Fishbase2022"
"Gymnocranius euanus",45,"Fishbase2022"
"Gymnocranius microdon",45,"Fishbase2022"
"Gymnocranius superciliosus",43,"Fishbase2022"
"Gymnomuraena zebra",150,"Fishbase2022"
"Gymnosarda unicolor",247.979995727539,"Fishbase2022"
"Gymnothorax annasona",55.2999992370605,"Fishbase2022"
"Gymnothorax buroensis",38.7000007629395,"Fishbase2022"
"Gymnothorax cribroris",75,"Fishbase2022"
"Gymnothorax eurostus",60,"Fishbase2022"
"Gymnothorax favagineus",300,"Fishbase2022"
"Gymnothorax flavimarginatus",240,"Fishbase2022"
"Gymnothorax javanicus",300,"Fishbase2022"
"Gymnothorax meleagris",120,"Fishbase2022"
"Gymnothorax nubilus",82,"Fishbase2022"
"Gymnothorax thyrsoideus",73.1999969482422,"Fishbase2022"
"Gymnothorax undulatus",150,"Fishbase2022"
"Haletta semifasciata",29,"Fishbase2022"
"Halichoeres biocellatus",12,"Fishbase2022"
"Halichoeres brownfieldi",15,"Fishbase2022"
"Halichoeres chloropterus",19,"Fishbase2022"
"Halichoeres chrysus",12,"Fishbase2022"
"Halichoeres leucurus",13,"Fishbase2022"
"Halichoeres margaritaceus",12.5,"Fishbase2022"
"Halichoeres marginatus",18,"Fishbase2022"
"Halichoeres melanochir",18,"Fishbase2022"
"Halichoeres melanurus",12,"Fishbase2022"
"Halichoeres miniatus",14,"Fishbase2022"
"Halichoeres nebulosus",12,"Fishbase2022"
"Halichoeres nigrescens",14,"Fishbase2022"
"Halichoeres ornatissimus",18,"Fishbase2022"
"Halichoeres prosopeion",13,"Fishbase2022"
"Halichoeres scapularis",20,"Fishbase2022"
"Halichoeres trimaculatus",27,"Fishbase2022"
"Halophryne diemensis",28,"Fishbase2022"
"Helcogramma chica",3.09999990463257,"Fishbase2022"
"Helcogramma decurrens",4.5,"Fishbase2022"
"Helcogramma striata",4.30000019073486,"Fishbase2022"
"Helotes sexlineatus",15,"Fishbase2022"
"Hemiglyphidodon plagiometopon",18,"Fishbase2022"
"Hemigymnus fasciatus",30,"Fishbase2022"
"Hemigymnus melapterus",37,"Fishbase2022"
"Hemiramphus far",45,"Fishbase2022"
"Hemitaurichthys polylepis",18,"Fishbase2022"
"Heniochus acuminatus",25,"Fishbase2022"
"Heniochus chrysostomus",18,"Fishbase2022"
"Heniochus diphreutes",21,"Fishbase2022"
"Heniochus monoceros",24,"Fishbase2022"
"Heniochus singularius",30,"Fishbase2022"
"Heniochus varius",19,"Fishbase2022"
"Herklotsichthys castelnaui",20,"Fishbase2022"
"Heteroclinus heptaeolus",10,"Fishbase2022"
"Heteroclinus perspicillatus",20,"Fishbase2022"
"Heteroclinus roseus",15,"Fishbase2022"
"Heteroclinus tristis",30,"Fishbase2022"
"Heteroclinus whiteleggii",10,"Fishbase2022"
"Heteropriacanthus cruentatus",50.7000007629395,"Fishbase2022"
"Heteroscarus acroptilus",24,"Fishbase2022"
"Hippocampus abdominalis",35,"Fishbase2022"
"Hippocampus whitei",13,"Fishbase2022"
"Hypoplectrodes annulatus",30,"Fishbase2022"
"Hipposcarus longiceps",60,"Fishbase2022"
"Hologymnosus annulatus",40,"Fishbase2022"
"Hologymnosus doliatus",50,"Fishbase2022"
"Hypoplectrodes maccullochi",45,"Fishbase2022"
"Hypoplectrodes nigroruber",30,"Fishbase2022"
"Hypoplectrodes wilsoni",20,"Fishbase2022"
"Hyporhamphus australis",39.7999992370605,"Fishbase2022"
"Hyporhamphus melanochir",52,"Fishbase2022"
"Kuhlia mugil",40,"Fishbase2022"
"Istigobius decoratus",13,"Fishbase2022"
"Istigobius goldmanni",6,"Fishbase2022"
"Istigobius hoesei",6,"Fishbase2022"
"Istigobius rigilius",10.8000001907349,"Fishbase2022"
"Koumansetta rainfordi",8.5,"Fishbase2022"
"Kyphosus bigibbus",75,"Fishbase2022"
"Kyphosus cinerascens",50.7000007629395,"Fishbase2022"
"Kyphosus cornelii",70,"Fishbase2022"
"Kyphosus gladius",45.7000007629395,"Fishbase2022"
"Kyphosus sectatrix",76,"Fishbase2022"
"Kyphosus sydneyanus",80,"Fishbase2022"
"Kyphosus vaigiensis",70,"Fishbase2022"
"Labracinus cyclophthalmus",23.5,"Fishbase2022"
"Labracinus lineatus",25,"Fishbase2022"
"Labracoglossa nitida",20,"Fishbase2022"
"Labrichthys unilineatus",17.5,"Fishbase2022"
"Labroides bicolor",15,"Fishbase2022"
"Labroides dimidiatus",14,"Fishbase2022"
"Labroides pectoralis",11,"Fishbase2022"
"Labropsis australis",10.5,"Fishbase2022"
"Labropsis xanthonota",13,"Fishbase2022"
"Lactoria fornasini",23,"Fishbase2022"
"Latridopsis ciliaris",80,"Fishbase2022"
"Latridopsis forsteri",65,"Fishbase2022"
"Latropiscis purpurissatus",60,"Fishbase2022"
"Lepidoblennius marmoratus",11.4499998092651,"Fishbase2022"
"Lepidozygus tapeinosoma",10.5,"Fishbase2022"
"Leptatherina presbyteroides",11,"Fishbase2022"
"Leptojulis cyanopleura",13,"Fishbase2022"
"Leptoscarus vaigiensis",35,"Fishbase2022"
"Lethrinus atkinsoni",50,"Fishbase2022"
"Lethrinus erythracanthus",70,"Fishbase2022"
"Lethrinus erythropterus",50,"Fishbase2022"
"Lethrinus genivittatus",25,"Fishbase2022"
"Lethrinus harak",50,"Fishbase2022"
"Lethrinus laticaudis",56,"Fishbase2022"
"Lethrinus lentjan",52,"Fishbase2022"
"Lethrinus miniatus",90,"Fishbase2022"
"Lethrinus nebulosus",87,"Fishbase2022"
"Lethrinus obsoletus",60,"Fishbase2022"
"Lethrinus olivaceus",100,"Fishbase2022"
"Lethrinus ornatus",45,"Fishbase2022"
"Lethrinus variegatus",20,"Fishbase2022"
"Lethrinus xanthochilus",70,"Fishbase2022"
"Leviprora inops",29.2000007629395,"Fishbase2022"
"Limnichthys fasciatus",5,"Fishbase2022"
"Lotella rhacina",50,"Fishbase2022"
"Lutjanus adetii",50,"Fishbase2022"
"Lutjanus argentimaculatus",150,"Fishbase2022"
"Lutjanus bohar",90,"Fishbase2022"
"Lutjanus carponotatus",40,"Fishbase2022"
"Lutjanus decussatus",35,"Fishbase2022"
"Lutjanus ehrenbergii",35,"Fishbase2022"
"Lutjanus fulviflamma",35,"Fishbase2022"
"Lutjanus fulvus",40,"Fishbase2022"
"Lutjanus gibbus",50,"Fishbase2022"
"Lutjanus johnii",97,"Fishbase2022"
"Lutjanus kasmira",40,"Fishbase2022"
"Lutjanus lemniscatus",65,"Fishbase2022"
"Lutjanus lutjanus",35,"Fishbase2022"
"Lutjanus monostigma",60,"Fishbase2022"
"Lutjanus quinquelineatus",38,"Fishbase2022"
"Lutjanus rivulatus",80,"Fishbase2022"
"Lutjanus russellii",50,"Fishbase2022"
"Lutjanus sebae",116,"Fishbase2022"
"Lutjanus vitta",40,"Fishbase2022"
"Macolor macularis",60,"Fishbase2022"
"Macolor niger",75,"Fishbase2022"
"Macrodontogobius wilburi",6.5,"Fishbase2022"
"Mecaenichthys immaculatus",12,"Fishbase2022"
"Macropharyngodon choati",7.59999990463257,"Fishbase2022"
"Macropharyngodon kuiteri",10,"Fishbase2022"
"Macropharyngodon meleagris",15,"Fishbase2022"
"Macropharyngodon negrosensis",12,"Fishbase2022"
"Macropharyngodon ornatus",13,"Fishbase2022"
"Malacanthus brevirostris",32,"Fishbase2022"
"Malacanthus latovittatus",45,"Fishbase2022"
"Meiacanthus atrodorsalis",11,"Fishbase2022"
"Meiacanthus ditrema",6.5,"Fishbase2022"
"Meiacanthus grammistes",11,"Fishbase2022"
"Meiacanthus lineatus",9.5,"Fishbase2022"
"Meiacanthus phaeus",NA,"Fishbase2022"
"Meiacanthus reticulatus",6.28000020980835,"Fishbase2022"
"Melichthys indicus",25,"Fishbase2022"
"Melichthys niger",50,"Fishbase2022"
"Melichthys vidua",40,"Fishbase2022"
"Meuschenia australis",30,"Fishbase2022"
"Meuschenia flavolineata",30,"Fishbase2022"
"Meuschenia freycineti",60,"Fishbase2022"
"Meuschenia galii",34,"Fishbase2022"
"Meuschenia hippocrepis",51,"Fishbase2022"
"Meuschenia scaber",31,"Fishbase2022"
"Meuschenia trachylepis",40,"Fishbase2022"
"Meuschenia venusta",21,"Fishbase2022"
"Microcanthus strigatus",16,"Fishbase2022"
"Morwong ephippium",20,"Fishbase2022"
"Morwong fuscus",65,"Fishbase2022"
"Monacanthus chinensis",38,"Fishbase2022"
"Monodactylus argenteus",27,"Fishbase2022"
"Monotaxis grandoculis",60,"Fishbase2022"
"Monotaxis heterodon",NA,"Fishbase2022"
"Mugil cephalus",100,"Fishbase2022"
"Mulloidichthys flavolineatus",43,"Fishbase2022"
"Mulloidichthys vanicolensis",38,"Fishbase2022"
"Neoglyphidodon melas",18,"Fishbase2022"
"Neoglyphidodon nigroris",13,"Fishbase2022"
"Neoglyphidodon oxyodon",15,"Fishbase2022"
"Neoglyphidodon polyacanthus",12,"Fishbase2022"
"Myripristis adusta",35,"Fishbase2022"
"Myripristis amaena",26.5,"Fishbase2022"
"Myripristis berndti",30,"Fishbase2022"
"Myripristis hexagona",30,"Fishbase2022"
"Myripristis kuntee",26,"Fishbase2022"
"Myripristis murdjan",60,"Fishbase2022"
"Myripristis pralinia",20,"Fishbase2022"
"Myripristis violacea",35,"Fishbase2022"
"Myripristis vittata",25,"Fishbase2022"
"Myxus elongatus",40,"Fishbase2022"
"Naso annulatus",100,"Fishbase2022"
"Naso brachycentron",90,"Fishbase2022"
"Naso brevirostris",60,"Fishbase2022"
"Naso caesius",45.5999984741211,"Fishbase2022"
"Naso fageni",80,"Fishbase2022"
"Naso hexacanthus",75,"Fishbase2022"
"Naso lituratus",46,"Fishbase2022"
"Naso tonganus",60,"Fishbase2022"
"Naso unicornis",70,"Fishbase2022"
"Naso vlamingii",60,"Fishbase2022"
"Neatypus obliquus",22,"Fishbase2022"
"Nectamia bandanensis",10,"Fishbase2022"
"Nelusetta ayraud",100,"Fishbase2022"
"Nemadactylus douglasii",81,"Fishbase2022"
"Nemadactylus macropterus",70,"Fishbase2022"
"Nemadactylus valenciennesi",90,"Fishbase2022"
"Nemateleotris magnifica",9,"Fishbase2022"
"Neocirrhites armatus",9,"Fishbase2022"
"Neoniphon argenteus",24,"Fishbase2022"
"Neoniphon opercularis",35,"Fishbase2022"
"Neoniphon sammara",32,"Fishbase2022"
"Neoodax balteatus",14,"Fishbase2022"
"Neopomacentrus azysron",7.5,"Fishbase2022"
"Neopomacentrus bankieri",8,"Fishbase2022"
"Neopomacentrus cyanomos",10,"Fishbase2022"
"Neopomacentrus filamentosus",11,"Fishbase2022"
"Neopomacentrus nemurus",8,"Fishbase2022"
"Neosebastes scorpaenoides",40,"Fishbase2022"
"Nesogobius pulchellus",7,"Fishbase2022"
"Omegophora armilla",25,"Fishbase2022"
"Omegophora cyanopunctata",NA,"Fishbase2022"
"Omobranchus anolius",7.5,"Fishbase2022"
"Notocirrhitus splendens",20,"Fishbase2022"
"Notolabrus fucicola",38,"Fishbase2022"
"Notolabrus gymnogenis",23,"Fishbase2022"
"Notolabrus inscriptus",50,"Fishbase2022"
"Notolabrus parilus",NA,"Fishbase2022"
"Notolabrus tetricus",50,"Fishbase2022"
"Novaculichthys taeniourus",30,"Fishbase2022"
"Odonus niger",50,"Fishbase2022"
"Ogilbyina novaehollandiae",10,"Fishbase2022"
"Ogilbyina queenslandiae",15,"Fishbase2022"
"Olisthops cyanomelas",35,"Fishbase2022"
"Optivus agastos",9.52000045776367,"Fishbase2022"
"Ostorhinchus limenus",14,"Fishbase2022"
"Ophthalmolepis lineolata",40,"Fishbase2022"
"Opistognathus darwiniensis",50,"Fishbase2022"
"Ostorhinchus angustatus",11,"Fishbase2022"
"Ostorhinchus aureus",14.5,"Fishbase2022"
"Ostorhinchus capricornis",5.76000022888184,"Fishbase2022"
"Ostorhinchus cavitensis",7.5,"Fishbase2022"
"Ostorhinchus chrysotaenia",12,"Fishbase2022"
"Ostorhinchus compressus",12,"Fishbase2022"
"Ostorhinchus cookii",10,"Fishbase2022"
"Ostorhinchus cyanosoma",8,"Fishbase2022"
"Ostorhinchus doederleini",14,"Fishbase2022"
"Ostorhinchus fasciatus",12.6000003814697,"Fishbase2022"
"Ostorhinchus flavus",9.59000015258789,"Fishbase2022"
"Ostorhinchus monospilus",7.80000019073486,"Fishbase2022"
"Ostorhinchus neotes",2.70000004768372,"Fishbase2022"
"Ostorhinchus nigrofasciatus",10,"Fishbase2022"
"Ostorhinchus norfolcensis",15,"Fishbase2022"
"Ostorhinchus notatus",10,"Fishbase2022"
"Ostorhinchus pallidofasciatus",7,"Fishbase2022"
"Ostorhinchus properuptus",6,"Fishbase2022"
"Ostorhinchus rueppellii",12,"Fishbase2022"
"Ostorhinchus sealei",10,"Fishbase2022"
"Ostorhinchus victoriae",8,"Fishbase2022"
"Ostorhinchus wassinki",7,"Fishbase2022"
"Ostracion cubicum",45,"Fishbase2022"
"Ostracion meleagris",25,"Fishbase2022"
"Ostracion solorense",12,"Fishbase2022"
"Othos dentex",75,"Fishbase2022"
"Oxycercichthys veliferus",12,"Fishbase2022"
"Oxycheilinus bimaculatus",15,"Fishbase2022"
"Oxycheilinus digramma",40,"Fishbase2022"
"Oxycheilinus orientalis",20,"Fishbase2022"
"Oxycheilinus unifasciatus",46,"Fishbase2022"
"Oxymonacanthus longirostris",12,"Fishbase2022"
"Paracirrhites arcatus",20,"Fishbase2022"
"Paracirrhites forsteri",22,"Fishbase2022"
"Pagrus auratus",130,"Fishbase2022"
"Parablennius intermedius",12,"Fishbase2022"
"Parablennius serratolineatus",NA,"Fishbase2022"
"Parablennius tasmanianus",13,"Fishbase2022"
"Paracaesio xanthura",50,"Fishbase2022"
"Paracanthurus hepatus",31,"Fishbase2022"
"Paracentropyge multifasciata",12,"Fishbase2022"
"Parachaetodon ocellatus",18,"Fishbase2022"
"Paraluteres prionurus",11,"Fishbase2022"
"Parapercis australis",9.19999980926514,"Fishbase2022"
"Parapercis clathrata",24,"Fishbase2022"
"Parapercis haackei",10,"Fishbase2022"
"Parapercis hexophtalma",29,"Fishbase2022"
"Parapercis lineopunctata",7.40999984741211,"Fishbase2022"
"Parapercis millepunctata",18,"Fishbase2022"
"Parapercis multiplicata",15,"Fishbase2022"
"Parapercis nebulosa",25,"Fishbase2022"
"Parapercis pacifica",18.5799999237061,"Fishbase2022"
"Parapercis queenslandica",20.7900009155273,"Fishbase2022"
"Parapercis ramsayi",20,"Fishbase2022"
"Parapercis snyderi",11,"Fishbase2022"
"Parapercis stricticeps",18,"Fishbase2022"
"Parapercis xanthozona",23,"Fishbase2022"
"Paraplesiops bleekeri",NA,"Fishbase2022"
"Paraplesiops meleagris",33,"Fishbase2022"
"Paraplesiops sinclairi",22,"Fishbase2022"
"Paraplotosus butleri",32.5,"Fishbase2022"
"Parapriacanthus elongatus",14,"Fishbase2022"
"Pempheris schwenkii",15,"Fishbase2022"
"Pentaceropsis recurvirostris",50,"Fishbase2022"
"Pentapodus aureofasciatus",25,"Fishbase2022"
"Pentapodus emeryii",35,"Fishbase2022"
"Pentapodus paradiseus",30,"Fishbase2022"
"Parapriacanthus ransonneti",10,"Fishbase2022"
"Parascorpaena aurita",15,"Fishbase2022"
"Parequula melbournensis",22,"Fishbase2022"
"Parioglossus philippinus",3.5,"Fishbase2022"
"Paristiopterus gallipavo",100,"Fishbase2022"
"Parma alboscapularis",22,"Fishbase2022"
"Parma mccullochi",20,"Fishbase2022"
"Parma microlepis",14,"Fishbase2022"
"Parma occidentalis",13,"Fishbase2022"
"Parma oligolepis",16.5,"Fishbase2022"
"Parma polylepis",21,"Fishbase2022"
"Parma unifasciata",18,"Fishbase2022"
"Parma victoriae",20,"Fishbase2022"
"Parupeneus barberinoides",30,"Fishbase2022"
"Parupeneus barberinus",60,"Fishbase2022"
"Parupeneus chrysopleuron",55,"Fishbase2022"
"Parupeneus ciliatus",38,"Fishbase2022"
"Parupeneus crassilabris",38,"Fishbase2022"
"Parupeneus cyclostomus",50,"Fishbase2022"
"Parupeneus indicus",45,"Fishbase2022"
"Parupeneus multifasciatus",35,"Fishbase2022"
"Parupeneus pleurostigma",33,"Fishbase2022"
"Parupeneus spilurus",50,"Fishbase2022"
"Pelates octolineatus",28,"Fishbase2022"
"Pelates quadrilineatus",30,"Fishbase2022"
"Pempheris affinis",15,"Fishbase2022"
"Pempheris analis",20,"Fishbase2022"
"Pempheris compressa",20,"Fishbase2022"
"Pempheris klunzingeri",18,"Fishbase2022"
"Pempheris molucca",15,"Fishbase2022"
"Pempheris multiradiata",28,"Fishbase2022"
"Pempheris ornata",7.5,"Fishbase2022"
"Pempheris oualensis",22,"Fishbase2022"
"Pentapodus porosus",27,"Fishbase2022"
"Pentapodus vitta",26,"Fishbase2022"
"Pervagor alternans",16,"Fishbase2022"
"Pervagor aspricaudus",13,"Fishbase2022"
"Pervagor janthinosoma",13,"Fishbase2022"
"Petroscirtes fallax",9.5,"Fishbase2022"
"Petroscirtes lupus",13,"Fishbase2022"
"Phycodurus eques",35,"Fishbase2022"
"Pictichromis coralensis",5.21999979019165,"Fishbase2022"
"Pictilabrus laticlavius",23,"Fishbase2022"
"Pictilabrus viridis",14.0500001907349,"Fishbase2022"
"Plagiotremus laudandus",8,"Fishbase2022"
"Plagiotremus rhinorhynchos",12,"Fishbase2022"
"Plagiotremus tapeinosoma",14,"Fishbase2022"
"Platax batavianus",65,"Fishbase2022"
"Platax boersii",40,"Fishbase2022"
"Platax orbicularis",60,"Fishbase2022"
"Platax pinnatus",45,"Fishbase2022"
"Platax teira",70,"Fishbase2022"
"Platycephalus bassensis",46,"Fishbase2022"
"Platycephalus endrachtensis",45,"Fishbase2022"
"Platycephalus fuscus",120,"Fishbase2022"
"Platycephalus laevigatus",50,"Fishbase2022"
"Platycephalus speculator",90,"Fishbase2022"
"Plectorhinchus albovittatus",100,"Fishbase2022"
"Plectorhinchus caeruleonothus",100,"Fishbase2022"
"Plectorhinchus chaetodonoides",72,"Fishbase2022"
"Plectorhinchus chrysotaenia",41,"Fishbase2022"
"Plectorhinchus flavomaculatus",60,"Fishbase2022"
"Plectorhinchus gibbosus",75,"Fishbase2022"
"Plectorhinchus lessonii",40,"Fishbase2022"
"Plectorhinchus lineatus",72,"Fishbase2022"
"Plectorhinchus multivittatus",50,"Fishbase2022"
"Plectorhinchus picus",84,"Fishbase2022"
"Plectorhinchus polytaenia",50,"Fishbase2022"
"Plectorhinchus schotaf",80,"Fishbase2022"
"Plectorhinchus vittatus",72,"Fishbase2022"
"Plectroglyphidodon dickii",11,"Fishbase2022"
"Plectroglyphidodon johnstonianus",14,"Fishbase2022"
"Plectroglyphidodon leucozonus",12,"Fishbase2022"
"Plectroglyphidodon phoenixensis",9,"Fishbase2022"
"Plectropomus areolatus",80,"Fishbase2022"
"Plectropomus laevis",125,"Fishbase2022"
"Plectropomus leopardus",120,"Fishbase2022"
"Plectropomus maculatus",125,"Fishbase2022"
"Plotosus lineatus",32,"Fishbase2022"
"Pomacanthus imperator",40,"Fishbase2022"
"Pomacanthus semicirculatus",40,"Fishbase2022"
"Pomacanthus sexstriatus",46,"Fishbase2022"
"Pomacanthus xanthometopon",38,"Fishbase2022"
"Pomacentrus adelus",8.5,"Fishbase2022"
"Pomacentrus alexanderae",9,"Fishbase2022"
"Pomacentrus amboinensis",9,"Fishbase2022"
"Pomacentrus aurifrons",6.15000009536743,"Fishbase2022"
"Pomacentrus auriventris",5.5,"Fishbase2022"
"Pomacentrus australis",8,"Fishbase2022"
"Pomacentrus bankanensis",9,"Fishbase2022"
"Pomacentrus brachialis",8,"Fishbase2022"
"Pomacentrus chrysurus",9,"Fishbase2022"
"Pomacentrus coelestis",9,"Fishbase2022"
"Pomacentrus grammorhynchus",9,"Fishbase2022"
"Pomacentrus imitator",11,"Fishbase2022"
"Pomacentrus lepidogenys",9,"Fishbase2022"
"Pomacentrus limosus",4.57000017166138,"Fishbase2022"
"Pomacentrus magniseptus",7.55999994277954,"Fishbase2022"
"Pomacentrus milleri",7.5,"Fishbase2022"
"Pomacentrus moluccensis",9,"Fishbase2022"
"Pomacentrus nagasakiensis",11,"Fishbase2022"
"Pomacentrus nigromanus",9,"Fishbase2022"
"Pomacentrus nigromarginatus",8,"Fishbase2022"
"Pomacentrus pavo",8.5,"Fishbase2022"
"Pomacentrus philippinus",10,"Fishbase2022"
"Pomacentrus reidi",9,"Fishbase2022"
"Pomacentrus vaiuli",10,"Fishbase2022"
"Pomacentrus wardi",8,"Fishbase2022"
"Pomachromis richardsoni",6,"Fishbase2022"
"Pomatomus saltatrix",130,"Fishbase2022"
"Priacanthus blochii",35,"Fishbase2022"
"Priacanthus hamrur",45,"Fishbase2022"
"Prionurus maculatus",45,"Fishbase2022"
"Prionurus microlepidotus",70,"Fishbase2022"
"Pristiapogon exostigma",12,"Fishbase2022"
"Pristiapogon fraenatus",11,"Fishbase2022"
"Pristiapogon kallopterus",15.5,"Fishbase2022"
"Pristicon trimaculatus",14.1599998474121,"Fishbase2022"
"Pseudanthias hypselosoma",19,"Fishbase2022"
"Psammoperca waigiensis",47,"Fishbase2022"
"Pseudalutarius nasicornis",19,"Fishbase2022"
"Pseudanthias dispar",9.5,"Fishbase2022"
"Pseudanthias fasciatus",21,"Fishbase2022"
"Pseudanthias huchtii",12,"Fishbase2022"
"Pseudanthias pascalus",20,"Fishbase2022"
"Pseudanthias pictilis",13.5,"Fishbase2022"
"Pseudanthias rubrizonatus",12,"Fishbase2022"
"Pseudanthias squamipinnis",15,"Fishbase2022"
"Pseudanthias tuka",12,"Fishbase2022"
"Pseudobalistes flavimarginatus",60,"Fishbase2022"
"Pseudobalistes fuscus",55,"Fishbase2022"
"Pseudocaranx dentex",122,"Fishbase2022"
"Pseudocaranx wrighti",70,"Fishbase2022"
"Pseudocheilinus evanidus",9,"Fishbase2022"
"Pseudocheilinus hexataenia",10,"Fishbase2022"
"Pseudocheilinus octotaenia",14,"Fishbase2022"
"Pseudochromis cyanotaenia",6.19999980926514,"Fishbase2022"
"Pseudochromis flammicauda",5.5,"Fishbase2022"
"Pseudochromis fuscus",10,"Fishbase2022"
"Pseudochromis wilsoni",8,"Fishbase2022"
"Pseudocoris yamashiroi",16,"Fishbase2022"
"Pseudodax moluccanus",30,"Fishbase2022"
"Pseudogoniistius nigripes",41,"Fishbase2022"
"Pseudojuloides cerasinus",NA,"Fishbase2022"
"Pseudojuloides elongatus",14,"Fishbase2022"
"Pseudolabrus biserialis",17.2000007629395,"Fishbase2022"
"Pseudolabrus guentheri",18,"Fishbase2022"
"Pseudolabrus luculentus",17,"Fishbase2022"
"Pseudolabrus rubicundus",NA,"Fishbase2022"
"Pseudophycis bachus",90,"Fishbase2022"
"Pseudophycis barbata",63,"Fishbase2022"
"Pseudorhombus jenynsii",34,"Fishbase2022"
"Pteragogus cryptus",9.5,"Fishbase2022"
"Pteragogus enneacanthus",15,"Fishbase2022"
"Ptereleotris evides",14,"Fishbase2022"
"Ptereleotris hanae",12,"Fishbase2022"
"Ptereleotris heteroptera",14,"Fishbase2022"
"Ptereleotris microlepis",13,"Fishbase2022"
"Ptereleotris monoptera",12,"Fishbase2022"
"Ptereleotris zebra",12,"Fishbase2022"
"Pterocaesio digramma",30,"Fishbase2022"
"Pterocaesio marri",35,"Fishbase2022"
"Pterocaesio pisang",21,"Fishbase2022"
"Pterocaesio tile",30,"Fishbase2022"
"Pterocaesio trilineata",20,"Fishbase2022"
"Pterois antennata",20,"Fishbase2022"
"Pterois radiata",24,"Fishbase2022"
"Pterois volitans",45.7000007629395,"Fishbase2022"
"Pygoplites diacanthus",25,"Fishbase2022"
"Quinca mirifica",NA,"Fishbase2022"
"Rhabdamia gracilis",7.40000009536743,"Fishbase2022"
"Rhabdosargus sarba",80,"Fishbase2022"
"Rhinecanthus aculeatus",30,"Fishbase2022"
"Rhinecanthus lunula",28,"Fishbase2022"
"Rhinecanthus rectangulus",30,"Fishbase2022"
"Rhinecanthus verrucosus",23,"Fishbase2022"
"Rhynchostracion nasus",30,"Fishbase2022"
"Salarias ceramensis",15,"Fishbase2022"
"Salarias fasciatus",14,"Fishbase2022"
"Salarias guttatus",10,"Fishbase2022"
"Salarias patzneri",5.5,"Fishbase2022"
"Sarda australis",180,"Fishbase2022"
"Sargocentron caudimaculatum",25,"Fishbase2022"
"Sargocentron cornutum",27,"Fishbase2022"
"Sargocentron diadema",17,"Fishbase2022"
"Sargocentron ittodai",20,"Fishbase2022"
"Sargocentron microstoma",20,"Fishbase2022"
"Sargocentron rubrum",32,"Fishbase2022"
"Sargocentron spiniferum",51,"Fishbase2022"
"Sargocentron violaceum",45,"Fishbase2022"
"Saurida gracilis",32,"Fishbase2022"
"Saurida nebulosa",16.5,"Fishbase2022"
"Scaevius milii",20,"Fishbase2022"
"Scarus altipinnis",60,"Fishbase2022"
"Scarus chameleon",31,"Fishbase2022"
"Scarus dimidiatus",40,"Fishbase2022"
"Scarus festivus",45,"Fishbase2022"
"Scarus flavipectoralis",40,"Fishbase2022"
"Scarus forsteni",55,"Fishbase2022"
"Scarus frenatus",47,"Fishbase2022"
"Scarus ghobban",75,"Fishbase2022"
"Scarus globiceps",45,"Fishbase2022"
"Scarus longipinnis",40,"Fishbase2022"
"Scarus niger",40,"Fishbase2022"
"Scarus oviceps",35,"Fishbase2022"
"Scarus prasiognathos",70,"Fishbase2022"
"Scarus psittacus",34,"Fishbase2022"
"Scarus rivulatus",40,"Fishbase2022"
"Scarus rubroviolaceus",70,"Fishbase2022"
"Scarus schlegeli",40,"Fishbase2022"
"Scarus spinus",30,"Fishbase2022"
"Schuettea scalaripinnis",20,"Fishbase2022"
"Schuettea woodwardi",24,"Fishbase2022"
"Scobinichthys granulatus",30,"Fishbase2022"
"Scolecenchelys breviceps",60,"Fishbase2022"
"Scolopsis bilineata",25,"Fishbase2022"
"Scolopsis ciliata",25,"Fishbase2022"
"Scolopsis lineata",25,"Fishbase2022"
"Scolopsis margaritifera",28,"Fishbase2022"
"Scolopsis monogramma",38,"Fishbase2022"
"Scolopsis trilineata",25,"Fishbase2022"
"Scolopsis vosmeri",25,"Fishbase2022"
"Scolopsis xenochrous",22,"Fishbase2022"
"Scomber australasicus",44,"Fishbase2022"
"Scomberoides lysan",110,"Fishbase2022"
"Scomberomorus commerson",240,"Fishbase2022"
"Sebastapistes cyanostigma",10,"Fishbase2022"
"Sebastapistes strongia",9.5,"Fishbase2022"
"Scorpaena cardinalis",18,"Fishbase2022"
"Scorpaena jacksoniensis",33.6500015258789,"Fishbase2022"
"Scorpaena papillosa",30,"Fishbase2022"
"Scorpaena sumptuosa",40,"Fishbase2022"
"Scorpaenodes evides",10.5,"Fishbase2022"
"Scorpis aequipinnis",40,"Fishbase2022"
"Scorpis georgiana",33,"Fishbase2022"
"Scorpis lineolata",30,"Fishbase2022"
"Scorpis violacea",40,"Fishbase2022"
"Selaroides leptolepis",22,"Fishbase2022"
"Selenotoca multifasciata",40,"Fishbase2022"
"Seriola dumerili",190,"Fishbase2022"
"Seriola hippos",150,"Fishbase2022"
"Seriola lalandi",250,"Fishbase2022"
"Serranocirrhitus latus",13,"Fishbase2022"
"Siganus argenteus",40,"Fishbase2022"
"Siganus canaliculatus",40,"Fishbase2022"
"Siganus corallinus",35,"Fishbase2022"
"Siganus doliatus",25,"Fishbase2022"
"Siganus fuscescens",40,"Fishbase2022"
"Siganus javus",53,"Fishbase2022"
"Siganus lineatus",43,"Fishbase2022"
"Siganus puellus",38,"Fishbase2022"
"Siganus punctatissimus",35,"Fishbase2022"
"Siganus punctatus",40,"Fishbase2022"
"Siganus spinus",28,"Fishbase2022"
"Siganus stellatus",40,"Fishbase2022"
"Siganus trispilos",25,"Fishbase2022"
"Siganus virgatus",30,"Fishbase2022"
"Siganus vulpinus",25,"Fishbase2022"
"Signigobius biocellatus",10,"Fishbase2022"
"Sillaginodes punctatus",72,"Fishbase2022"
"Sillago ciliata",51,"Fishbase2022"
"Sillago robusta",30,"Fishbase2022"
"Spratelloides gracilis",10.5,"Fishbase2022"
"Siphamia cephalotes",5,"Fishbase2022"
"Siphonognathus attenuatus",12,"Fishbase2022"
"Siphonognathus beddomei",12,"Fishbase2022"
"Siphonognathus caninis",10,"Fishbase2022"
"Siphonognathus radiatus",18,"Fishbase2022"
"Sphaeramia nematoptera",8.5,"Fishbase2022"
"Sphyraena flavicauda",60,"Fishbase2022"
"Sphyraena jello",150,"Fishbase2022"
"Sphyraena novaehollandiae",100,"Fishbase2022"
"Sphyraena obtusata",55,"Fishbase2022"
"Sphyraena qenie",170,"Fishbase2022"
"Spratelloides robustus",12,"Fishbase2022"
"Stanulus talboti",4.80000019073486,"Fishbase2022"
"Stegastes albifasciatus",13,"Fishbase2022"
"Stegastes nigricans",14,"Fishbase2022"
"Stegastes punctatus",13,"Fishbase2022"
"Stethojulis bandanensis",15,"Fishbase2022"
"Stethojulis interrupta",13,"Fishbase2022"
"Stethojulis strigiventer",15,"Fishbase2022"
"Stigmatopora argus",25.3999996185303,"Fishbase2022"
"Stipecampus cristatus",22,"Fishbase2022"
"Suezichthys arquatus",13.5,"Fishbase2022"
"Suezichthys aylingi",11.6999998092651,"Fishbase2022"
"Suezichthys cyanolaemus",9.69999980926514,"Fishbase2022"
"Suezichthys devisi",14,"Fishbase2022"
"Sufflamen bursa",25,"Fishbase2022"
"Sufflamen chrysopterum",30,"Fishbase2022"
"Sufflamen fraenatum",38,"Fishbase2022"
"Symphorichthys spilurus",60,"Fishbase2022"
"Symphorus nematophorus",100,"Fishbase2022"
"Synchiropus moyeri",7.5,"Fishbase2022"
"Synodus binotatus",18,"Fishbase2022"
"Synodus dermatogenys",24,"Fishbase2022"
"Synodus jaculum",20,"Fishbase2022"
"Synodus rubromarmoratus",20,"Fishbase2022"
"Synodus variegatus",40,"Fishbase2022"
"Taeniamia biguttata",11,"Fishbase2022"
"Taeniamia fucata",10,"Fishbase2022"
"Taeniamia leai",9,"Fishbase2022"
"Taeniamia melasma",8.60000038146973,"Fishbase2022"
"Taeniamia zosterophora",8,"Fishbase2022"
"Tetractenos glaber",15,"Fishbase2022"
"Thalassoma amblycephalum",16,"Fishbase2022"
"Thalassoma hardwicke",20,"Fishbase2022"
"Thalassoma jansenii",20,"Fishbase2022"
"Thalassoma lunare",45,"Fishbase2022"
"Thalassoma lutescens",30,"Fishbase2022"
"Thalassoma nigrofasciatum",20,"Fishbase2022"
"Thalassoma purpureum",46,"Fishbase2022"
"Thalassoma quinquevittatum",17,"Fishbase2022"
"Thalassoma septemfasciatum",31,"Fishbase2022"
"Thalassoma trilobatum",30,"Fishbase2022"
"Thamnaconus analis",19.2999992370605,"Fishbase2022"
"Thamnaconus degeni",28,"Fishbase2022"
"Thunnus maccoyii",245,"Fishbase2022"
"Thyrsites atun",200,"Fishbase2022"
"Thysanophrys cirronasus",38,"Fishbase2022"
"Tilodon sexfasciatus",40,"Fishbase2022"
"Torquigener pleurogramma",21,"Fishbase2022"
"Trachichthys australis",15,"Fishbase2022"
"Trachinops brauni",8,"Fishbase2022"
"Trachinops caudimaculatus",15,"Fishbase2022"
"Trachinops noarlungae",15,"Fishbase2022"
"Trachinops taeniatus",NA,"Fishbase2022"
"Trachinotus blochii",110,"Fishbase2022"
"Trachurus declivis",64,"Fishbase2022"
"Trachurus novaezelandiae",50,"Fishbase2022"
"Trachypoma macracanthus",22,"Fishbase2022"
"Trimma benjamini",3,"Fishbase2022"
"Trimma caesiura",3.5,"Fishbase2022"
"Trimma lantana",2.94000005722046,"Fishbase2022"
"Trimma nasa",2.25,"Fishbase2022"
"Trimma taylori",3.5,"Fishbase2022"
"Trinorfolkia clarkei",8,"Fishbase2022"
"Tylosurus crocodilus",150,"Fishbase2022"
"Tylosurus gavialoides",75,"Fishbase2022"
"Ucla xenogrammus",4.71999979019165,"Fishbase2022"
"Upeneichthys lineatus",40,"Fishbase2022"
"Upeneichthys vlamingii",35,"Fishbase2022"
"Upeneus australiae",16,"Fishbase2022"
"Upeneus tragula",25,"Fishbase2022"
"Valenciennea alleni",7.40000009536743,"Fishbase2022"
"Valenciennea decora",11.3000001907349,"Fishbase2022"
"Valenciennea immaculata",13,"Fishbase2022"
"Valenciennea longipinnis",18,"Fishbase2022"
"Valenciennea muralis",16,"Fishbase2022"
"Valenciennea parva",10,"Fishbase2022"
"Valenciennea puellaris",20,"Fishbase2022"
"Valenciennea sexguttata",14,"Fishbase2022"
"Valenciennea strigata",18,"Fishbase2022"
"Vanacampus phillipi",18.3999996185303,"Fishbase2022"
"Variola albimarginata",65,"Fishbase2022"
"Variola louti",83,"Fishbase2022"
"Verulux cypselurus",6,"Fishbase2022"
"Vincentia conspersa",14,"Fishbase2022"
"Vincentia novaehollandiae",NA,"Fishbase2022"
"Zanclus cornutus",23,"Fishbase2022"
"Zebrasoma scopas",40,"Fishbase2022"
"Zebrasoma velifer",40,"Fishbase2022"
"Zoramia fragilis",5.5,"Fishbase2022"
"Zoramia viridiventer",4.23000001907349,"Fishbase2022"
"Stegastes lacrymatus",10,"Fishbase2022"
"Scorpaenopsis oxycephalus",36,"Fishbase2022"
"Pycnochromis vanderbilti",6,"Fishbase2022"
"Pycnochromis retrofasciatus",6,"Fishbase2022"
"Pycnochromis nigrurus",6,"Fishbase2022"
"Pycnochromis margaritifer",10.2,"Fishbase2022"
"Pycnochromis lineatus",7,"Fishbase2022"
"Pycnochromis iomelas",8,"Fishbase2022"
"Pycnochromis caudalis",7.5,"Fishbase2022"
"Pycnochromis atripes",9,"Fishbase2022"
"Pycnochromis amboinensis",10,"Fishbase2022"
"Pycnochromis agilis",4.9,"Fishbase2022"
"Plectroglyphidodon obreptus",12,"Fishbase2022"
"Plectroglyphidodon insularis",11,"Fishbase2022"
"Plectroglyphidodon gascoynei",15,"Fishbase2022"
"Plectroglyphidodon fasciolatus",16.5,"Fishbase2022"
"Plectroglyphidodon apicalis",15,"Fishbase2022"
"Ferdauia orthogrammus",70,"Fishbase2022"
"Azurina lepidolepis",9,"Fishbase2022"
"Amphiprion biaculeatus",17,"Fishbase2022"
"Amblyglyphidodon batunaorum",10,"Fishbase2022"
