species_name,Length,Ref_bodysize,entry
Abudefduf bengalensis,17,Fishbase2022,rfishbase
Abalistes stellatus,60,Fishbase2022,rfishbase
Abudefduf sexfasciatus,19,Fishbase2022,rfishbase
Abudefduf sordidus,24,Fishbase2022,rfishbase
Abudefduf vaigiensis,20,Fishbase2022,rfishbase
Abudefduf whitleyi,14,Fishbase2022,rfishbase
Acanthaluteres brownii,55,Fishbase2022,rfishbase
Acanthaluteres spilomelanurus,14,Fishbase2022,rfishbase
Acanthaluteres vittiger,35,Fishbase2022,rfishbase
Acanthistius cinctus,50,Fishbase2022,rfishbase
Acanthistius ocellatus,45,Fishbase2022,rfishbase
Acanthochromis polyacanthus,14,Fishbase2022,rfishbase
Acanthopagrus australis,66,Fishbase2022,rfishbase
Acanthopagrus latus,40,Fishbase2022,rfishbase
Acanthurus albipectoralis,33,Fishbase2022,rfishbase
Acanthurus auranticavus,45,Fishbase2022,rfishbase
Acanthurus blochii,45,Fishbase2022,rfishbase
Acanthurus dussumieri,54,Fishbase2022,rfishbase
Acanthurus grammoptilus,35,Fishbase2022,rfishbase
Acanthurus leucocheilus,45,Fishbase2022,rfishbase
Acanthurus leucosternon,54,Fishbase2022,rfishbase
Acanthurus lineatus,38,Fishbase2022,rfishbase
Acanthurus maculiceps,40,Fishbase2022,rfishbase
Acanthurus mata,50,Fishbase2022,rfishbase
Acanthurus nigricans,21.2999992370605,Fishbase2022,rfishbase
Acanthurus nigricauda,40,Fishbase2022,rfishbase
Acanthurus nigrofuscus,21,Fishbase2022,rfishbase
Acanthurus nigroris,25,Fishbase2022,rfishbase
Acanthurus olivaceus,35,Fishbase2022,rfishbase
Acanthurus pyroferus,29,Fishbase2022,rfishbase
Acanthurus thompsoni,27,Fishbase2022,rfishbase
Acanthurus triostegus,27,Fishbase2022,rfishbase
Acanthurus xanthopterus,70,Fishbase2022,rfishbase
Achoerodus gouldii,175,Fishbase2022,rfishbase
Achoerodus viridis,62,Fishbase2022,rfishbase
Aetapcus maculatus,21,Fishbase2022,rfishbase
Aethaloperca rogaa,60,Fishbase2022,rfishbase
Aetobatus narinari,230,Fishbase2022,rfishbase
Aetobatus ocellatus,300,Fishbase2022,rfishbase
Aioliops novaeguineae,2.29999995231628,Fishbase2022,rfishbase
Aluterus monoceros,76.1999969482422,Fishbase2022,rfishbase
Aluterus scriptus,110,Fishbase2022,rfishbase
Amblyeleotris fasciata,8,Fishbase2022,rfishbase
Amblyeleotris guttata,11,Fishbase2022,rfishbase
Amblyeleotris gymnocephala,14,Fishbase2022,rfishbase
Amblyeleotris periophthalma,11,Fishbase2022,rfishbase
Amblyeleotris steinitzi,13,Fishbase2022,rfishbase
Amblyeleotris wheeleri,10,Fishbase2022,rfishbase
Amblyglyphidodon aureus,13,Fishbase2022,rfishbase
Amblyglyphidodon batunai,10,Fishbase2022,rfishbase
Amblyglyphidodon curacao,11,Fishbase2022,rfishbase
Amblyglyphidodon leucogaster,13,Fishbase2022,rfishbase
Amblygobius decussatus,9.5,Fishbase2022,rfishbase
Amblygobius nocturnus,10,Fishbase2022,rfishbase
Amblygobius phalaena,15,Fishbase2022,rfishbase
Amphichaetodon howensis,18,Fishbase2022,rfishbase
Amphiprion akindynos,9,Fishbase2022,rfishbase
Amphiprion chrysopterus,17,Fishbase2022,rfishbase
Amphiprion clarkii,15,Fishbase2022,rfishbase
Amphiprion latezonatus,14,Fishbase2022,rfishbase
Amphiprion mccullochi,12,Fishbase2022,rfishbase
Amphiprion melanopus,12,Fishbase2022,rfishbase
Amphiprion ocellaris,11,Fishbase2022,rfishbase
Amphiprion perideraion,10,Fishbase2022,rfishbase
Amphiprion rubrocinctus,12,Fishbase2022,rfishbase
Anampses caeruleopunctatus,42,Fishbase2022,rfishbase
Anampses elegans,29,Fishbase2022,rfishbase
Anampses femininus,24,Fishbase2022,rfishbase
Anampses geographicus,31,Fishbase2022,rfishbase
Anampses lennardi,28,Fishbase2022,rfishbase
Anampses meleagrides,22,Fishbase2022,rfishbase
Anampses neoguinaicus,20,Fishbase2022,rfishbase
Anampses twistii,18,Fishbase2022,rfishbase
Anaora tentaculata,6,Fishbase2022,rfishbase
Anoplocapros amygdaloides,30,Fishbase2022,rfishbase
Anoplocapros inermis,37,Fishbase2022,rfishbase
Anoplocapros lenticularis,33,Fishbase2022,rfishbase
Anyperodon leucogrammicus,65,Fishbase2022,rfishbase
Aphareus furca,70,Fishbase2022,rfishbase
Aplodactylus arctidens,65,Fishbase2022,rfishbase
Aplodactylus etheridgii,45,Fishbase2022,rfishbase
Aplodactylus lophodon,45,Fishbase2022,rfishbase
Aplodactylus westralis,34.7000007629395,Fishbase2022,rfishbase
Apolemichthys trimaculatus,26,Fishbase2022,rfishbase
Aprion virescens,112,Fishbase2022,rfishbase
Aracana aurita,20,Fishbase2022,rfishbase
Aracana ornata,15,Fishbase2022,rfishbase
Argyrosomus japonicus,181,Fishbase2022,rfishbase
Arothron hispidus,50,Fishbase2022,rfishbase
Arothron manilensis,31,Fishbase2022,rfishbase
Arothron meleagris,50,Fishbase2022,rfishbase
Arothron nigropunctatus,33,Fishbase2022,rfishbase
Arothron stellatus,120,Fishbase2022,rfishbase
Arripis trutta,89,Fishbase2022,rfishbase
Arripis xylabion,85,Fishbase2022,rfishbase
Aspidontus taeniatus,11.5,Fishbase2022,rfishbase
Assessor flavissimus,6,Fishbase2022,rfishbase
Assessor macneilli,6,Fishbase2022,rfishbase
Asterropteryx semipunctata,6.5,Fishbase2022,rfishbase
Atherinomorus vaigiensis,17,Fishbase2022,rfishbase
Atrosalarias holomelas,14.5,Fishbase2022,rfishbase
Atule mate,30,Fishbase2022,rfishbase
Atypichthys latus,30,Fishbase2022,rfishbase
Atypichthys strigatus,25,Fishbase2022,rfishbase
Aulacocephalus temminckii,40,Fishbase2022,rfishbase
Aulohalaelurus labiosus,67,Fishbase2022,manual
Aulostomus chinensis,80,Fishbase2022,rfishbase
Austrolabrus maculatus,12.5500001907349,Fishbase2022,rfishbase
Balistapus undulatus,30,Fishbase2022,rfishbase
Balistoides conspicillum,50,Fishbase2022,rfishbase
Balistoides viridescens,75,Fishbase2022,rfishbase
Bathygobius krefftii,12,Fishbase2022,rfishbase
Bathystethus cultratus,30,Fishbase2022,rfishbase
Bathytoshia brevicaudata,430,Fishbase2022,rfishbase
Bathytoshia lata,260,Fishbase2022,rfishbase
Batrachomoeus dubius,35,Fishbase2022,rfishbase
Belonoperca chabanaudi,15,Fishbase2022,rfishbase
Bovichtus angustifrons,28,Fishbase2022,rfishbase
Brachaelurus waddi,122,Fishbase2022,rfishbase
Brachaluteres jacksonianus,10,Fishbase2022,rfishbase
Bodianus anthioides,24,Fishbase2022,rfishbase
Bodianus axillaris,20,Fishbase2022,rfishbase
Bodianus bilunulatus,55,Fishbase2022,rfishbase
Bodianus diana,16.8999996185303,Fishbase2022,rfishbase
Bodianus dictynna,14.3999996185303,Fishbase2022,rfishbase
Bodianus frenchii,45,Fishbase2022,rfishbase
Bodianus loxozonus,47,Fishbase2022,rfishbase
Bodianus mesothorax,25,Fishbase2022,rfishbase
Bodianus perditio,80,Fishbase2022,rfishbase
Bolbometopon muricatum,130,Fishbase2022,rfishbase
Bryaninops amplus,4.59999990463257,Fishbase2022,rfishbase
Bryaninops natans,2.5,Fishbase2022,rfishbase
Caesio caerulaurea,35,Fishbase2022,rfishbase
Caesio cuning,60,Fishbase2022,rfishbase
Caesio lunaris,40,Fishbase2022,rfishbase
Caesio teres,40,Fishbase2022,rfishbase
Caesioperca lepidoptera,30,Fishbase2022,rfishbase
Caesioperca rasor,25,Fishbase2022,rfishbase
Caesioscorpis theagenes,NA,Fishbase2022,rfishbase
Callanthias australis,49,Fishbase2022,rfishbase
Chelmon marginalis,18,Fishbase2022,rfishbase
Chelmon muelleri,20.5,Fishbase2022,rfishbase
Chelmon rostratus,20,Fishbase2022,rfishbase
Chelmonops curiosus,26,Fishbase2022,rfishbase
Chelmonops truncatus,22,Fishbase2022,rfishbase
Chironemus marmoratus,40,Fishbase2022,rfishbase
Callogobius mucosus,11,Fishbase2022,rfishbase
Calloplesiops altivelis,20,Fishbase2022,rfishbase
Cantherhines dumerilii,38,Fishbase2022,rfishbase
Cantherhines fronticinctus,25,Fishbase2022,rfishbase
Cantherhines pardalis,25,Fishbase2022,rfishbase
Canthigaster axiologus,10.1000003814697,Fishbase2022,rfishbase
Canthigaster bennetti,10,Fishbase2022,rfishbase
Canthigaster callisterna,23,Fishbase2022,rfishbase
Canthigaster papua,10,Fishbase2022,rfishbase
Canthigaster valentini,11,Fishbase2022,rfishbase
Carangoides ferdau,70,Fishbase2022,rfishbase
Carangoides fulvoguttatus,120,Fishbase2022,rfishbase
Carangoides orthogrammus,75,Fishbase2022,rfishbase
Carangoides plagiotaenia,50,Fishbase2022,rfishbase
Caranx ignobilis,170,Fishbase2022,rfishbase
Caranx lugubris,100,Fishbase2022,rfishbase
Caranx melampygus,117,Fishbase2022,rfishbase
Caranx papuensis,88,Fishbase2022,rfishbase
Caranx sexfasciatus,120,Fishbase2022,rfishbase
Carcharhinus albimarginatus,300,Fishbase2022,rfishbase
Carcharhinus amblyrhynchos,255,Fishbase2022,rfishbase
Carcharhinus galapagensis,370,Fishbase2022,rfishbase
Carcharhinus melanopterus,200,Fishbase2022,rfishbase
Carcharhinus obscurus,420,Fishbase2022,rfishbase
Carcharias taurus,330,Fishbase2022,rfishbase
Centrogenys vaigiensis,25,Fishbase2022,rfishbase
Centropogon australis,15,Fishbase2022,rfishbase
Centropyge bicolor,15,Fishbase2022,rfishbase
Centropyge bispinosa,10,Fishbase2022,rfishbase
Centropyge flavissima,14,Fishbase2022,rfishbase
Centropyge heraldi,12,Fishbase2022,rfishbase
Centropyge tibicen,19,Fishbase2022,rfishbase
Centropyge vrolikii,12,Fishbase2022,rfishbase
Cephalopholis argus,60,Fishbase2022,rfishbase
Cephalopholis boenak,30,Fishbase2022,rfishbase
Cephalopholis cyanostigma,40,Fishbase2022,rfishbase
Cephalopholis leopardus,24,Fishbase2022,rfishbase
Cephalopholis microprion,25,Fishbase2022,rfishbase
Cephalopholis miniata,50,Fishbase2022,rfishbase
Cephalopholis urodeta,28,Fishbase2022,rfishbase
Cephaloscyllium laticeps,150,Fishbase2022,rfishbase
Cetoscarus ocellatus,80,Fishbase2022,rfishbase
Chaetodon adiergastos,20,Fishbase2022,rfishbase
Chaetodon assarius,13,Fishbase2022,rfishbase
Chaetodon aureofasciatus,12.5,Fishbase2022,rfishbase
Chaetodon auriga,23,Fishbase2022,rfishbase
Chaetodon baronessa,16,Fishbase2022,rfishbase
Chaetodon bennetti,20,Fishbase2022,rfishbase
Chaetodon citrinellus,13,Fishbase2022,rfishbase
Chaetodon decussatus,20,Fishbase2022,rfishbase
Chaetodon ephippium,30,Fishbase2022,rfishbase
Chaetodon flavirostris,20,Fishbase2022,rfishbase
Chaetodon guentheri,18,Fishbase2022,rfishbase
Chaetodon kleinii,15,Fishbase2022,rfishbase
Chaetodon lineolatus,30,Fishbase2022,rfishbase
Chaetodon lunula,20,Fishbase2022,rfishbase
Chaetodon lunulatus,14,Fishbase2022,rfishbase
Chaetodon melannotus,18,Fishbase2022,rfishbase
Chaetodon mertensii,12.5,Fishbase2022,rfishbase
Chaetodon meyeri,20,Fishbase2022,rfishbase
Chaetodon ocellicaudus,15,Fishbase2022,rfishbase
Chaetodon ornatissimus,20,Fishbase2022,rfishbase
Chaetodon pelewensis,12.5,Fishbase2022,rfishbase
Chaetodon plebeius,15,Fishbase2022,rfishbase
Chaetodon punctatofasciatus,12,Fishbase2022,rfishbase
Chaetodon rafflesii,18,Fishbase2022,rfishbase
Chaetodon rainfordi,15,Fishbase2022,rfishbase
Chaetodon reticulatus,18,Fishbase2022,rfishbase
Chaetodon semeion,26,Fishbase2022,rfishbase
Chaetodon speculum,18,Fishbase2022,rfishbase
Chaetodon tricinctus,15,Fishbase2022,rfishbase
Chaetodon trifascialis,18,Fishbase2022,rfishbase
Chaetodon ulietensis,15,Fishbase2022,rfishbase
Chaetodon unimaculatus,20,Fishbase2022,rfishbase
Chaetodon vagabundus,23,Fishbase2022,rfishbase
Chaetodontoplus conspicillatus,10,Fishbase2022,rfishbase
Chaetodontoplus duboulayi,28,Fishbase2022,rfishbase
Chaetodontoplus meredithi,25,Fishbase2022,rfishbase
Chaetodontoplus mesoleucus,18,Fishbase2022,rfishbase
Chaetodontoplus personifer,35,Fishbase2022,rfishbase
Cheilinus chlorourus,45,Fishbase2022,rfishbase
Cheilinus fasciatus,40,Fishbase2022,rfishbase
Cheilinus oxycephalus,17,Fishbase2022,rfishbase
Cheilinus trilobatus,45,Fishbase2022,rfishbase
Cheilinus undulatus,229,Fishbase2022,rfishbase
Cheilio inermis,50,Fishbase2022,rfishbase
Cheilodipterus artus,18.7000007629395,Fishbase2022,rfishbase
Cheilodipterus isostigmus,11,Fishbase2022,rfishbase
Cheilodipterus macrodon,25,Fishbase2022,rfishbase
Cheilodipterus quinquelineatus,13,Fishbase2022,rfishbase
Cheiloprion labiatus,6,Fishbase2022,rfishbase
Chilomycterus reticulatus,69.6999969482422,Fishbase2022,rfishbase
Chiloscyllium punctatum,132,Fishbase2022,rfishbase
Chironemus maculosus,35,Fishbase2022,rfishbase
Chrysiptera biocellata,12.5,Fishbase2022,rfishbase
Chrysiptera brownriggii,8,Fishbase2022,rfishbase
Chrysiptera caesifrons,4.84999990463257,Fishbase2022,rfishbase
Chrysiptera cyanea,8.5,Fishbase2022,rfishbase
Chrysiptera flavipinnis,8,Fishbase2022,rfishbase
Cleidopus gloriamaris,22,Fishbase2022,rfishbase
Conger verreauxi,200,Fishbase2022,rfishbase
Chlorurus bleekeri,49,Fishbase2022,rfishbase
Chlorurus microrhinos,70,Fishbase2022,rfishbase
Chlorurus rhakoura,44.2000007629395,Fishbase2022,rfishbase
Chlorurus sordidus,40,Fishbase2022,rfishbase
Choerodon anchorago,50,Fishbase2022,rfishbase
Choerodon cauteroma,36,Fishbase2022,rfishbase
Choerodon cephalotes,38,Fishbase2022,rfishbase
Choerodon cyanodus,70,Fishbase2022,rfishbase
Choerodon fasciatus,30,Fishbase2022,rfishbase
Choerodon graphicus,51.5,Fishbase2022,rfishbase
Choerodon rubescens,90,Fishbase2022,rfishbase
Choerodon schoenleinii,100,Fishbase2022,rfishbase
Choerodon vitta,20,Fishbase2022,rfishbase
Chromis agilis,4.90000009536743,Fishbase2022,rfishbase
Chromis alpha,8.5,Fishbase2022,rfishbase
Chromis amboinensis,10,Fishbase2022,rfishbase
Chromis atripectoralis,12,Fishbase2022,rfishbase
Chromis atripes,9,Fishbase2022,rfishbase
Chromis chrysura,14,Fishbase2022,rfishbase
Chromis cinerascens,13,Fishbase2022,rfishbase
Chromis fumea,10,Fishbase2022,rfishbase
Chromis hypsilepis,16,Fishbase2022,rfishbase
Chromis iomelas,8,Fishbase2022,rfishbase
Chromis kennensis,NA,Fishbase2022,rfishbase
Chromis klunzingeri,6.5,Fishbase2022,rfishbase
Chromis lepidolepis,9,Fishbase2022,rfishbase
Chromis lineata,7,Fishbase2022,rfishbase
Chromis margaritifer,9,Fishbase2022,rfishbase
Chromis nitida,7,Fishbase2022,rfishbase
Chromis retrofasciata,6,Fishbase2022,rfishbase
Chromis ternatensis,10.5,Fishbase2022,rfishbase
Chromis vanderbilti,6,Fishbase2022,rfishbase
Chromis viridis,10,Fishbase2022,rfishbase
Chromis weberi,13.5,Fishbase2022,rfishbase
Chromis westaustralis,8.5,Fishbase2022,rfishbase
Chromis xanthochira,14,Fishbase2022,rfishbase
Chromis xanthura,17,Fishbase2022,rfishbase
Chrysiptera hemicyanea,7,Fishbase2022,rfishbase
Chrysiptera notialis,9,Fishbase2022,rfishbase
Chrysiptera rex,7,Fishbase2022,rfishbase
Chrysiptera rollandi,7.5,Fishbase2022,rfishbase
Chrysiptera talboti,6,Fishbase2022,rfishbase
Chrysiptera taupou,8,Fishbase2022,rfishbase
Cirrhilabrus exquisitus,12,Fishbase2022,rfishbase
Cirrhilabrus punctatus,13,Fishbase2022,rfishbase
Cirrhilabrus randalli,8.44999980926514,Fishbase2022,rfishbase
Cirrhilabrus temminckii,9.89999961853027,Fishbase2022,rfishbase
Cirrhitichthys aprinus,12.5,Fishbase2022,rfishbase
Cirrhitichthys falco,7,Fishbase2022,rfishbase
Cirrhitichthys oxycephalus,10,Fishbase2022,rfishbase
Cirripectes alboapicalis,15.5,Fishbase2022,rfishbase
Cirripectes alleni,6.5,Fishbase2022,rfishbase
Cirripectes castaneus,9.19999980926514,Fishbase2022,rfishbase
Cirripectes chelomatus,9.39999961853027,Fishbase2022,rfishbase
Cirripectes filamentosus,7.5,Fishbase2022,rfishbase
Cirripectes hutchinsi,10.6000003814697,Fishbase2022,rfishbase
Cirripectes stigmaticus,10,Fishbase2022,rfishbase
Cnidoglanis macrocephalus,91,Fishbase2022,rfishbase
Cochleoceps orientalis,5.5,Fishbase2022,rfishbase
Congrogadus subducens,45,Fishbase2022,rfishbase
Coradion altivelis,18,Fishbase2022,rfishbase
Coradion chrysozonus,15,Fishbase2022,rfishbase
Coris auricularis,40,Fishbase2022,rfishbase
Coris aurilineata,14,Fishbase2022,rfishbase
Coris aygula,120,Fishbase2022,rfishbase
Coris batuensis,17,Fishbase2022,rfishbase
Coris bulbifrons,60,Fishbase2022,rfishbase
Coris caudimacula,20,Fishbase2022,rfishbase
Coris dorsomacula,38,Fishbase2022,rfishbase
Coris gaimard,40,Fishbase2022,rfishbase
Coris picta,25,Fishbase2022,rfishbase
Coris pictoides,15,Fishbase2022,rfishbase
Coris sandeyeri,25,Fishbase2022,rfishbase
Cryptocentrus strigilliceps,12,Fishbase2022,rfishbase
Crenimugil crenilabis,60,Fishbase2022,rfishbase
Cristiceps aurantiacus,22,Fishbase2022,rfishbase
Crossosalarias macrospilus,10,Fishbase2022,rfishbase
Ctenochaetus binotatus,22,Fishbase2022,rfishbase
Ctenochaetus cyanocheilus,16,Fishbase2022,rfishbase
Ctenochaetus striatus,26,Fishbase2022,rfishbase
Ctenogobiops mitodes,5.34000015258789,Fishbase2022,rfishbase
Ctenogobiops pomastictus,8,Fishbase2022,rfishbase
Cyclichthys orbicularis,30,Fishbase2022,rfishbase
Cymbacephalus beauforti,50,Fishbase2022,rfishbase
Cypho purpurascens,7.5,Fishbase2022,rfishbase
Cyprinocirrhites polyactis,15,Fishbase2022,rfishbase
Cyttus australis,41,Fishbase2022,rfishbase
Dactylophora nigricans,120,Fishbase2022,rfishbase
Dascyllus aruanus,10,Fishbase2022,rfishbase
Dascyllus reticulatus,9,Fishbase2022,rfishbase
Dascyllus trimaculatus,14,Fishbase2022,rfishbase
Decapterus macarellus,46,Fishbase2022,rfishbase
Decapterus muroadsi,50,Fishbase2022,rfishbase
Dendrochirus brachypterus,17,Fishbase2022,rfishbase
Dendrochirus zebra,25,Fishbase2022,rfishbase
Diademichthys lineatus,5,Fishbase2022,rfishbase
Diagramma pictum,100,Fishbase2022,rfishbase
Dicotylichthys punctulatus,40,Fishbase2022,rfishbase
Dinolestes lewini,84,Fishbase2022,rfishbase
Diodon holocanthus,50,Fishbase2022,rfishbase
Diodon hystrix,91,Fishbase2022,rfishbase
Diodon nicthemerus,40,Fishbase2022,rfishbase
Diploprion bifasciatum,25,Fishbase2022,rfishbase
Diproctacanthus xanthurus,10,Fishbase2022,rfishbase
Dischistodus melanotus,16,Fishbase2022,rfishbase
Dischistodus perspicillatus,18,Fishbase2022,rfishbase
Dischistodus prosopotaenia,18.5,Fishbase2022,rfishbase
Dischistodus pseudochrysopoecilus,18,Fishbase2022,rfishbase
Dotalabrus alleni,8.44999980926514,Fishbase2022,rfishbase
Dotalabrus aurantiacus,11.0500001907349,Fishbase2022,rfishbase
Echeneis naucrates,110,Fishbase2022,rfishbase
Ecsenius bicolor,11,Fishbase2022,rfishbase
Ecsenius lividanalis,5,Fishbase2022,rfishbase
Ecsenius mandibularis,7.5,Fishbase2022,rfishbase
Ecsenius midas,13,Fishbase2022,rfishbase
Ecsenius stictus,5.80000019073486,Fishbase2022,rfishbase
Ecsenius yaeyamaensis,6,Fishbase2022,rfishbase
Elagatis bipinnulata,180,Fishbase2022,rfishbase
Enchelycore ramosa,150,Fishbase2022,rfishbase
Enneapterygius atrogulare,5.30000019073486,Fishbase2022,rfishbase
Enneapterygius howensis,3.5,Fishbase2022,rfishbase
Enneapterygius larsonae,3.48000001907349,Fishbase2022,rfishbase
Enneapterygius rufopileus,4.5,Fishbase2022,rfishbase
Enneapterygius similis,3.20000004768372,Fishbase2022,rfishbase
Enoplosus armatus,50,Fishbase2022,rfishbase
Epinephelus bilobatus,33,Fishbase2022,rfishbase
Eocallionymus papilio,10,Fishbase2022,rfishbase
Epibulus insidiator,54,Fishbase2022,rfishbase
Epinephelides armatus,56,Fishbase2022,rfishbase
Epinephelus coioides,120,Fishbase2022,rfishbase
Epinephelus corallicola,49,Fishbase2022,rfishbase
Epinephelus cyanopodus,122,Fishbase2022,rfishbase
Epinephelus daemelii,200,Fishbase2022,rfishbase
Epinephelus fasciatus,40,Fishbase2022,rfishbase
Epinephelus fuscoguttatus,120,Fishbase2022,rfishbase
Epinephelus lanceolatus,270,Fishbase2022,rfishbase
Epinephelus malabaricus,234,Fishbase2022,rfishbase
Epinephelus melanostigma,35,Fishbase2022,rfishbase
Epinephelus merra,32,Fishbase2022,rfishbase
Epinephelus multinotatus,100,Fishbase2022,rfishbase
Epinephelus ongus,40,Fishbase2022,rfishbase
Epinephelus polyphekadion,90,Fishbase2022,rfishbase
Epinephelus quoyanus,40,Fishbase2022,rfishbase
Epinephelus rivulatus,45,Fishbase2022,rfishbase
Epinephelus spilotoceps,35,Fishbase2022,rfishbase
Epinephelus undulatostriatus,61,Fishbase2022,rfishbase
Eubalichthys bucephalus,50,Fishbase2022,rfishbase
Eubalichthys cyanoura,42,Fishbase2022,rfishbase
Eubalichthys gunnii,60,Fishbase2022,rfishbase
Eubalichthys mosaicus,60,Fishbase2022,rfishbase
Eucrossorhinus dasypogon,366,Fishbase2022,rfishbase
Eupetrichthys angustipes,12.3999996185303,Fishbase2022,rfishbase
Euthynnus affinis,100,Fishbase2022,rfishbase
Eviota atriventris,1.71000003814697,Fishbase2022,rfishbase
Eviota bifasciata,3.5,Fishbase2022,rfishbase
Eviota guttata,3.20000004768372,Fishbase2022,rfishbase
Eviota hoesei,2.04999995231628,Fishbase2022,rfishbase
Eviota melasma,3,Fishbase2022,rfishbase
Eviota prasites,3,Fishbase2022,rfishbase
Eviota sebreei,2.5,Fishbase2022,rfishbase
Eviota sigillata,3,Fishbase2022,rfishbase
Eviota storthynx,2.5,Fishbase2022,rfishbase
Exallias brevis,14.5,Fishbase2022,rfishbase
Exyrias belissimus,15,Fishbase2022,rfishbase
Festucalex cinctus,13,Fishbase2022,rfishbase
Filicampus tigris,29.6000003814697,Fishbase2022,rfishbase
Fistularia commersonii,160,Fishbase2022,rfishbase
Fusigobius signipinnis,4.90000009536743,Fishbase2022,rfishbase
Fistularia petimba,200,Fishbase2022,rfishbase
Forcipiger flavissimus,22,Fishbase2022,rfishbase
Forcipiger longirostris,22,Fishbase2022,rfishbase
Forsterygion varium,13,Fishbase2022,rfishbase
Fusigobius duospilus,6,Fishbase2022,rfishbase
Fusigobius melacron,3.51999998092651,Fishbase2022,rfishbase
Fusigobius neophytus,7.5,Fishbase2022,rfishbase
Genicanthus lamarck,25,Fishbase2022,rfishbase
Genicanthus semicinctus,21,Fishbase2022,rfishbase
Gerres subfasciatus,20,Fishbase2022,rfishbase
Girella cyanea,20,Fishbase2022,rfishbase
Girella elevata,62,Fishbase2022,rfishbase
Girella tephraeops,61,Fishbase2022,rfishbase
Girella tricuspidata,71,Fishbase2022,rfishbase
Girella zebra,34,Fishbase2022,rfishbase
Glaucosoma hebraicum,122,Fishbase2022,rfishbase
Glaucosoma magnificum,32,Fishbase2022,rfishbase
Gnathanodon speciosus,120,Fishbase2022,rfishbase
Gnathodentex aureolineatus,30,Fishbase2022,rfishbase
Gnatholepis anjerensis,8.39999961853027,Fishbase2022,rfishbase
Gnatholepis cauerensis,6,Fishbase2022,rfishbase
Gobiodon citrinus,6.59999990463257,Fishbase2022,rfishbase
Gymnothorax prasinus,91.5,Fishbase2022,rfishbase
Halichoeres erdmanni,7.21999979019165,Fishbase2022,rfishbase
Halichoeres hartzfeldii,18,Fishbase2022,rfishbase
Halichoeres hortulanus,27,Fishbase2022,rfishbase
Gobiodon histrio,3.5,Fishbase2022,rfishbase
Gobiodon okinawae,3.5,Fishbase2022,rfishbase
Gobiodon quinquestrigatus,4.5,Fishbase2022,rfishbase
Gomphosus varius,30,Fishbase2022,rfishbase
Gracila albomarginata,40,Fishbase2022,rfishbase
Grammistes sexlineatus,30,Fishbase2022,rfishbase
Gymnocranius audleyi,40,Fishbase2022,rfishbase
Gymnocranius euanus,45,Fishbase2022,rfishbase
Gymnocranius superciliosus,43,Fishbase2022,rfishbase
Gymnothorax annasona,55.2999992370605,Fishbase2022,rfishbase
Gymnothorax cribroris,75,Fishbase2022,rfishbase
Gymnothorax eurostus,60,Fishbase2022,rfishbase
Gymnothorax favagineus,300,Fishbase2022,rfishbase
Gymnothorax javanicus,300,Fishbase2022,rfishbase
Gymnothorax meleagris,120,Fishbase2022,rfishbase
Gymnothorax nubilus,82,Fishbase2022,rfishbase
Gymnothorax undulatus,150,Fishbase2022,rfishbase
Haletta semifasciata,29,Fishbase2022,rfishbase
Halichoeres biocellatus,12,Fishbase2022,rfishbase
Halichoeres brownfieldi,15,Fishbase2022,rfishbase
Halichoeres chloropterus,19,Fishbase2022,rfishbase
Halichoeres chrysus,12,Fishbase2022,rfishbase
Halichoeres margaritaceus,12.5,Fishbase2022,rfishbase
Halichoeres marginatus,18,Fishbase2022,rfishbase
Halichoeres melanochir,18,Fishbase2022,rfishbase
Halichoeres melanurus,12,Fishbase2022,rfishbase
Halichoeres miniatus,14,Fishbase2022,rfishbase
Halichoeres nebulosus,12,Fishbase2022,rfishbase
Halichoeres nigrescens,14,Fishbase2022,rfishbase
Halichoeres prosopeion,13,Fishbase2022,rfishbase
Halichoeres scapularis,20,Fishbase2022,rfishbase
Halichoeres trimaculatus,27,Fishbase2022,rfishbase
Halophryne diemensis,28,Fishbase2022,rfishbase
Helcogramma chica,3.09999990463257,Fishbase2022,rfishbase
Helcogramma decurrens,4.5,Fishbase2022,rfishbase
Helcogramma striata,4.30000019073486,Fishbase2022,rfishbase
Hemiscyllium ocellatum,107,Fishbase2022,rfishbase
Hemiscyllium trispeculare,79,Fishbase2022,rfishbase
Heterodontus galeatus,152,Fishbase2022,rfishbase
Heterodontus portusjacksoni,165,Fishbase2022,rfishbase
Hemiglyphidodon plagiometopon,18,Fishbase2022,rfishbase
Hemigymnus fasciatus,30,Fishbase2022,rfishbase
Hemigymnus melapterus,37,Fishbase2022,rfishbase
Hemiramphus far,45,Fishbase2022,rfishbase
Hemitaurichthys polylepis,18,Fishbase2022,rfishbase
Hemitrygon fluviorum,130,Fishbase2022,rfishbase
Heniochus acuminatus,25,Fishbase2022,rfishbase
Heniochus chrysostomus,18,Fishbase2022,rfishbase
Heniochus diphreutes,21,Fishbase2022,rfishbase
Heniochus monoceros,24,Fishbase2022,rfishbase
Heniochus singularius,30,Fishbase2022,rfishbase
Heniochus varius,19,Fishbase2022,rfishbase
Heteroclinus heptaeolus,10,Fishbase2022,rfishbase
Heteroclinus perspicillatus,20,Fishbase2022,rfishbase
Heteropriacanthus cruentatus,50.7000007629395,Fishbase2022,rfishbase
Heteroscarus acroptilus,24,Fishbase2022,rfishbase
Hippocampus abdominalis,35,Fishbase2022,rfishbase
Hippocampus whitei,13,Fishbase2022,rfishbase
Hypoplectrodes annulatus,30,Fishbase2022,rfishbase
Hipposcarus longiceps,60,Fishbase2022,rfishbase
Hologymnosus annulatus,40,Fishbase2022,rfishbase
Hologymnosus doliatus,50,Fishbase2022,rfishbase
Hypnos monopterygius,70,Fishbase2022,rfishbase
Hypoplectrodes maccullochi,45,Fishbase2022,rfishbase
Hypoplectrodes nigroruber,30,Fishbase2022,rfishbase
Hypoplectrodes wilsoni,20,Fishbase2022,rfishbase
Hyporhamphus australis,39.7999992370605,Fishbase2022,rfishbase
Hyporhamphus melanochir,52,Fishbase2022,rfishbase
Kuhlia mugil,40,Fishbase2022,rfishbase
Istigobius decoratus,13,Fishbase2022,rfishbase
Istigobius goldmanni,6,Fishbase2022,rfishbase
Istigobius hoesei,6,Fishbase2022,rfishbase
Istigobius rigilius,10.8000001907349,Fishbase2022,rfishbase
Koumansetta rainfordi,8.5,Fishbase2022,rfishbase
Kyphosus bigibbus,75,Fishbase2022,rfishbase
Kyphosus cinerascens,50.7000007629395,Fishbase2022,rfishbase
Kyphosus cornelii,70,Fishbase2022,rfishbase
Kyphosus gladius,45.7000007629395,Fishbase2022,rfishbase
Kyphosus sectatrix,76,Fishbase2022,rfishbase
Kyphosus sydneyanus,80,Fishbase2022,rfishbase
Kyphosus vaigiensis,70,Fishbase2022,rfishbase
Labracinus cyclophthalmus,23.5,Fishbase2022,rfishbase
Labracinus lineatus,25,Fishbase2022,rfishbase
Labracoglossa nitida,20,Fishbase2022,rfishbase
Labrichthys unilineatus,17.5,Fishbase2022,rfishbase
Labroides bicolor,15,Fishbase2022,rfishbase
Labroides dimidiatus,14,Fishbase2022,rfishbase
Labroides pectoralis,11,Fishbase2022,rfishbase
Labropsis australis,10.5,Fishbase2022,rfishbase
Latridopsis forsteri,65,Fishbase2022,rfishbase
Latropiscis purpurissatus,60,Fishbase2022,rfishbase
Lepidozygus tapeinosoma,10.5,Fishbase2022,rfishbase
Leptojulis cyanopleura,13,Fishbase2022,rfishbase
Leptoscarus vaigiensis,35,Fishbase2022,rfishbase
Lethrinus atkinsoni,50,Fishbase2022,rfishbase
Lethrinus erythracanthus,70,Fishbase2022,rfishbase
Lethrinus erythropterus,50,Fishbase2022,rfishbase
Lethrinus harak,50,Fishbase2022,rfishbase
Lethrinus laticaudis,56,Fishbase2022,rfishbase
Lethrinus miniatus,90,Fishbase2022,rfishbase
Lethrinus nebulosus,87,Fishbase2022,rfishbase
Lethrinus obsoletus,60,Fishbase2022,rfishbase
Lethrinus olivaceus,100,Fishbase2022,rfishbase
Lethrinus ornatus,45,Fishbase2022,rfishbase
Lethrinus variegatus,20,Fishbase2022,rfishbase
Limnichthys fasciatus,5,Fishbase2022,rfishbase
Lotella rhacina,50,Fishbase2022,rfishbase
Lutjanus adetii,50,Fishbase2022,rfishbase
Lutjanus argentimaculatus,150,Fishbase2022,rfishbase
Lutjanus bohar,90,Fishbase2022,rfishbase
Lutjanus carponotatus,40,Fishbase2022,rfishbase
Lutjanus decussatus,35,Fishbase2022,rfishbase
Lutjanus ehrenbergii,35,Fishbase2022,rfishbase
Lutjanus fulviflamma,35,Fishbase2022,rfishbase
Lutjanus fulvus,40,Fishbase2022,rfishbase
Lutjanus gibbus,50,Fishbase2022,rfishbase
Lutjanus kasmira,40,Fishbase2022,rfishbase
Lutjanus lemniscatus,65,Fishbase2022,rfishbase
Lutjanus monostigma,60,Fishbase2022,rfishbase
Lutjanus quinquelineatus,38,Fishbase2022,rfishbase
Lutjanus russellii,50,Fishbase2022,rfishbase
Lutjanus sebae,116,Fishbase2022,rfishbase
Lutjanus vitta,40,Fishbase2022,rfishbase
Macolor macularis,60,Fishbase2022,rfishbase
Macolor niger,75,Fishbase2022,rfishbase
Macrodontogobius wilburi,6.5,Fishbase2022,rfishbase
Mecaenichthys immaculatus,12,Fishbase2022,rfishbase
Macropharyngodon choati,7.59999990463257,Fishbase2022,rfishbase
Macropharyngodon kuiteri,10,Fishbase2022,rfishbase
Macropharyngodon meleagris,15,Fishbase2022,rfishbase
Macropharyngodon negrosensis,12,Fishbase2022,rfishbase
Macropharyngodon ornatus,13,Fishbase2022,rfishbase
Malacanthus brevirostris,32,Fishbase2022,rfishbase
Malacanthus latovittatus,45,Fishbase2022,rfishbase
Meiacanthus atrodorsalis,11,Fishbase2022,rfishbase
Meiacanthus ditrema,6.5,Fishbase2022,rfishbase
Meiacanthus grammistes,11,Fishbase2022,rfishbase
Meiacanthus lineatus,9.5,Fishbase2022,rfishbase
Meiacanthus phaeus,NA,Fishbase2022,rfishbase
Melichthys niger,50,Fishbase2022,rfishbase
Melichthys vidua,40,Fishbase2022,rfishbase
Meuschenia australis,30,Fishbase2022,rfishbase
Meuschenia flavolineata,30,Fishbase2022,rfishbase
Meuschenia freycineti,60,Fishbase2022,rfishbase
Meuschenia galii,34,Fishbase2022,rfishbase
Meuschenia hippocrepis,51,Fishbase2022,rfishbase
Meuschenia scaber,31,Fishbase2022,rfishbase
Meuschenia trachylepis,40,Fishbase2022,rfishbase
Microcanthus strigatus,16,Fishbase2022,rfishbase
Monacanthus chinensis,38,Fishbase2022,rfishbase
Monodactylus argenteus,27,Fishbase2022,rfishbase
Monotaxis grandoculis,60,Fishbase2022,rfishbase
Monotaxis heterodon,NA,Fishbase2022,rfishbase
Mugil cephalus,100,Fishbase2022,rfishbase
Mulloidichthys flavolineatus,43,Fishbase2022,rfishbase
Mulloidichthys vanicolensis,38,Fishbase2022,rfishbase
Neoglyphidodon melas,18,Fishbase2022,rfishbase
Neoglyphidodon nigroris,13,Fishbase2022,rfishbase
Neoglyphidodon oxyodon,15,Fishbase2022,rfishbase
Neoglyphidodon polyacanthus,12,Fishbase2022,rfishbase
Myliobatis australis,120,Fishbase2022,rfishbase
Myripristis adusta,35,Fishbase2022,rfishbase
Myripristis berndti,30,Fishbase2022,rfishbase
Myripristis hexagona,30,Fishbase2022,rfishbase
Myripristis kuntee,26,Fishbase2022,rfishbase
Myripristis murdjan,60,Fishbase2022,rfishbase
Myripristis pralinia,20,Fishbase2022,rfishbase
Myripristis violacea,35,Fishbase2022,rfishbase
Myripristis vittata,25,Fishbase2022,rfishbase
Naso annulatus,100,Fishbase2022,rfishbase
Naso brachycentron,90,Fishbase2022,rfishbase
Naso brevirostris,60,Fishbase2022,rfishbase
Naso caesius,45.5999984741211,Fishbase2022,rfishbase
Naso fageni,80,Fishbase2022,rfishbase
Naso hexacanthus,75,Fishbase2022,rfishbase
Naso lituratus,46,Fishbase2022,rfishbase
Naso tonganus,60,Fishbase2022,rfishbase
Naso unicornis,70,Fishbase2022,rfishbase
Naso vlamingii,60,Fishbase2022,rfishbase
Neatypus obliquus,22,Fishbase2022,rfishbase
Nebrius ferrugineus,320,Fishbase2022,rfishbase
Nelusetta ayraud,100,Fishbase2022,rfishbase
Nemadactylus douglasii,81,Fishbase2022,rfishbase
Nemadactylus macropterus,70,Fishbase2022,rfishbase
Nemadactylus valenciennesi,90,Fishbase2022,rfishbase
Nemateleotris magnifica,9,Fishbase2022,rfishbase
Neoniphon argenteus,24,Fishbase2022,rfishbase
Neoniphon opercularis,35,Fishbase2022,rfishbase
Neoniphon sammara,32,Fishbase2022,rfishbase
Neoodax balteatus,14,Fishbase2022,rfishbase
Neopomacentrus azysron,7.5,Fishbase2022,rfishbase
Neopomacentrus bankieri,8,Fishbase2022,rfishbase
Neopomacentrus cyanomos,10,Fishbase2022,rfishbase
Neopomacentrus filamentosus,11,Fishbase2022,rfishbase
Neosebastes scorpaenoides,40,Fishbase2022,rfishbase
Neotrygon kuhlii,70,Fishbase2022,rfishbase
Nesogobius pulchellus,7,Fishbase2022,rfishbase
Omegophora armilla,25,Fishbase2022,rfishbase
Omegophora cyanopunctata,NA,Fishbase2022,rfishbase
Notocirrhitus splendens,20,Fishbase2022,rfishbase
Notolabrus fucicola,38,Fishbase2022,rfishbase
Notolabrus gymnogenis,23,Fishbase2022,rfishbase
Notolabrus inscriptus,50,Fishbase2022,rfishbase
Notolabrus parilus,41,Fishbase2022,manual
Notolabrus tetricus,50,Fishbase2022,rfishbase
Novaculichthys taeniourus,30,Fishbase2022,rfishbase
Odonus niger,50,Fishbase2022,rfishbase
Ogilbyina queenslandiae,15,Fishbase2022,rfishbase
Olisthops cyanomelas,35,Fishbase2022,rfishbase
Optivus agastos,9.52000045776367,Fishbase2022,rfishbase
Opistognathus darwiniensis,50,Fishbase2022,rfishbase
Orectolobus halei,256,Fishbase2022,rfishbase
Orectolobus maculatus,320,Fishbase2022,rfishbase
Orectolobus ornatus,290,Fishbase2022,rfishbase
Ostorhinchus angustatus,11,Fishbase2022,rfishbase
Ostorhinchus aureus,14.5,Fishbase2022,rfishbase
Ostorhinchus cavitensis,7.5,Fishbase2022,rfishbase
Ostorhinchus chrysotaenia,12,Fishbase2022,rfishbase
Ostorhinchus compressus,12,Fishbase2022,rfishbase
Ostorhinchus cookii,10,Fishbase2022,rfishbase
Ostorhinchus cyanosoma,8,Fishbase2022,rfishbase
Ostorhinchus monospilus,7.80000019073486,Fishbase2022,rfishbase
Ostorhinchus neotes,2.70000004768372,Fishbase2022,rfishbase
Ostorhinchus nigrofasciatus,10,Fishbase2022,rfishbase
Ostorhinchus norfolcensis,15,Fishbase2022,rfishbase
Ostorhinchus pallidofasciatus,7,Fishbase2022,rfishbase
Ostorhinchus rueppellii,12,Fishbase2022,rfishbase
Ostorhinchus sealei,10,Fishbase2022,rfishbase
Ostorhinchus wassinki,7,Fishbase2022,rfishbase
Ostracion meleagris,25,Fishbase2022,rfishbase
Othos dentex,75,Fishbase2022,rfishbase
Oxycheilinus bimaculatus,15,Fishbase2022,rfishbase
Oxycheilinus digramma,40,Fishbase2022,rfishbase
Oxycheilinus orientalis,20,Fishbase2022,rfishbase
Oxycheilinus unifasciatus,46,Fishbase2022,rfishbase
Oxymonacanthus longirostris,12,Fishbase2022,rfishbase
Paracirrhites arcatus,20,Fishbase2022,rfishbase
Paracirrhites forsteri,22,Fishbase2022,rfishbase
Parablennius serratolineatus,NA,Fishbase2022,rfishbase
Paracaesio xanthura,50,Fishbase2022,rfishbase
Paracanthurus hepatus,31,Fishbase2022,rfishbase
Parachaetodon ocellatus,18,Fishbase2022,rfishbase
Paraluteres prionurus,11,Fishbase2022,rfishbase
Parapercis australis,9.19999980926514,Fishbase2022,rfishbase
Parapercis clathrata,24,Fishbase2022,rfishbase
Parapercis haackei,10,Fishbase2022,rfishbase
Parapercis lineopunctata,7.40999984741211,Fishbase2022,rfishbase
Parapercis millepunctata,18,Fishbase2022,rfishbase
Parapercis nebulosa,25,Fishbase2022,rfishbase
Parapercis pacifica,18.5799999237061,Fishbase2022,rfishbase
Parapercis queenslandica,20.7900009155273,Fishbase2022,rfishbase
Parapercis ramsayi,20,Fishbase2022,rfishbase
Parapercis snyderi,11,Fishbase2022,rfishbase
Parapercis stricticeps,18,Fishbase2022,rfishbase
Parapercis xanthozona,23,Fishbase2022,rfishbase
Paraplesiops bleekeri,NA,Fishbase2022,rfishbase
Paraplesiops meleagris,33,Fishbase2022,rfishbase
Paraplesiops sinclairi,22,Fishbase2022,rfishbase
Paraplotosus butleri,32.5,Fishbase2022,rfishbase
Parapriacanthus elongatus,14,Fishbase2022,rfishbase
Pempheris schwenkii,15,Fishbase2022,rfishbase
Pentaceropsis recurvirostris,50,Fishbase2022,rfishbase
Pentapodus aureofasciatus,25,Fishbase2022,rfishbase
Pentapodus emeryii,35,Fishbase2022,rfishbase
Pentapodus paradiseus,30,Fishbase2022,rfishbase
Parapriacanthus ransonneti,10,Fishbase2022,rfishbase
Parascorpaena aurita,15,Fishbase2022,rfishbase
Parascyllium ferrugineum,80,Fishbase2022,rfishbase
Parequula melbournensis,22,Fishbase2022,rfishbase
Parioglossus philippinus,3.5,Fishbase2022,rfishbase
Paristiopterus gallipavo,100,Fishbase2022,rfishbase
Parma alboscapularis,22,Fishbase2022,rfishbase
Parma mccullochi,20,Fishbase2022,rfishbase
Parma microlepis,14,Fishbase2022,rfishbase
Parma occidentalis,13,Fishbase2022,rfishbase
Parma oligolepis,16.5,Fishbase2022,rfishbase
Parma polylepis,21,Fishbase2022,rfishbase
Parma unifasciata,18,Fishbase2022,rfishbase
Parma victoriae,20,Fishbase2022,rfishbase
Parupeneus barberinoides,30,Fishbase2022,rfishbase
Parupeneus barberinus,60,Fishbase2022,rfishbase
Parupeneus chrysopleuron,55,Fishbase2022,rfishbase
Parupeneus ciliatus,38,Fishbase2022,rfishbase
Parupeneus crassilabris,38,Fishbase2022,rfishbase
Parupeneus cyclostomus,50,Fishbase2022,rfishbase
Parupeneus indicus,45,Fishbase2022,rfishbase
Parupeneus multifasciatus,35,Fishbase2022,rfishbase
Parupeneus pleurostigma,33,Fishbase2022,rfishbase
Parupeneus spilurus,50,Fishbase2022,rfishbase
Pelates quadrilineatus,30,Fishbase2022,rfishbase
Pempheris affinis,15,Fishbase2022,rfishbase
Pempheris analis,20,Fishbase2022,rfishbase
Pempheris compressa,20,Fishbase2022,rfishbase
Pempheris klunzingeri,18,Fishbase2022,rfishbase
Pempheris molucca,15,Fishbase2022,rfishbase
Pempheris multiradiata,28,Fishbase2022,rfishbase
Pempheris ornata,7.5,Fishbase2022,rfishbase
Pempheris oualensis,22,Fishbase2022,rfishbase
Pentapodus porosus,27,Fishbase2022,rfishbase
Pentapodus vitta,26,Fishbase2022,rfishbase
Pervagor alternans,16,Fishbase2022,rfishbase
Pervagor aspricaudus,13,Fishbase2022,rfishbase
Pervagor janthinosoma,13,Fishbase2022,rfishbase
Petroscirtes fallax,9.5,Fishbase2022,rfishbase
Petroscirtes lupus,13,Fishbase2022,rfishbase
Phycodurus eques,35,Fishbase2022,rfishbase
Pictichromis coralensis,5.21999979019165,Fishbase2022,rfishbase
Pictilabrus laticlavius,23,Fishbase2022,rfishbase
Pictilabrus viridis,14.0500001907349,Fishbase2022,rfishbase
Plagiotremus laudandus,8,Fishbase2022,rfishbase
Plagiotremus rhinorhynchos,12,Fishbase2022,rfishbase
Plagiotremus tapeinosoma,14,Fishbase2022,rfishbase
Platax batavianus,65,Fishbase2022,rfishbase
Platax boersii,40,Fishbase2022,rfishbase
Platax pinnatus,45,Fishbase2022,rfishbase
Platax teira,70,Fishbase2022,rfishbase
Platycephalus bassensis,46,Fishbase2022,rfishbase
Platycephalus fuscus,120,Fishbase2022,rfishbase
Platycephalus speculator,90,Fishbase2022,rfishbase
Plectorhinchus caeruleonothus,100,Fishbase2022,rfishbase
Plectorhinchus chaetodonoides,72,Fishbase2022,rfishbase
Plectorhinchus chrysotaenia,41,Fishbase2022,rfishbase
Plectorhinchus flavomaculatus,60,Fishbase2022,rfishbase
Plectorhinchus gibbosus,75,Fishbase2022,rfishbase
Plectorhinchus lessonii,40,Fishbase2022,rfishbase
Plectorhinchus lineatus,72,Fishbase2022,rfishbase
Plectorhinchus multivittatus,50,Fishbase2022,rfishbase
Plectorhinchus picus,84,Fishbase2022,rfishbase
Plectorhinchus polytaenia,50,Fishbase2022,rfishbase
Plectorhinchus schotaf,80,Fishbase2022,rfishbase
Plectorhinchus vittatus,72,Fishbase2022,rfishbase
Plectroglyphidodon dickii,11,Fishbase2022,rfishbase
Plectroglyphidodon johnstonianus,14,Fishbase2022,rfishbase
Plectroglyphidodon lacrymatus,10,Fishbase2022,rfishbase
Plectroglyphidodon leucozonus,12,Fishbase2022,rfishbase
Plectropomus laevis,125,Fishbase2022,rfishbase
Plectropomus leopardus,120,Fishbase2022,rfishbase
Plectropomus maculatus,125,Fishbase2022,rfishbase
Plotosus lineatus,32,Fishbase2022,rfishbase
Pomacanthus imperator,40,Fishbase2022,rfishbase
Pomacanthus semicirculatus,40,Fishbase2022,rfishbase
Pomacanthus sexstriatus,46,Fishbase2022,rfishbase
Pomacanthus xanthometopon,38,Fishbase2022,rfishbase
Pomacentrus adelus,8.5,Fishbase2022,rfishbase
Pomacentrus alexanderae,9,Fishbase2022,rfishbase
Pomacentrus amboinensis,9,Fishbase2022,rfishbase
Pomacentrus australis,8,Fishbase2022,rfishbase
Pomacentrus bankanensis,9,Fishbase2022,rfishbase
Pomacentrus brachialis,8,Fishbase2022,rfishbase
Pomacentrus chrysurus,9,Fishbase2022,rfishbase
Pomacentrus coelestis,9,Fishbase2022,rfishbase
Pomacentrus grammorhynchus,9,Fishbase2022,rfishbase
Pomacentrus imitator,11,Fishbase2022,rfishbase
Pomacentrus lepidogenys,9,Fishbase2022,rfishbase
Pomacentrus limosus,4.57000017166138,Fishbase2022,rfishbase
Pomacentrus magniseptus,7.55999994277954,Fishbase2022,rfishbase
Pomacentrus milleri,7.5,Fishbase2022,rfishbase
Pomacentrus moluccensis,9,Fishbase2022,rfishbase
Pomacentrus nagasakiensis,11,Fishbase2022,rfishbase
Pomacentrus nigromanus,9,Fishbase2022,rfishbase
Pomacentrus nigromarginatus,8,Fishbase2022,rfishbase
Pomacentrus pavo,8.5,Fishbase2022,rfishbase
Pomacentrus philippinus,10,Fishbase2022,rfishbase
Pomacentrus reidi,9,Fishbase2022,rfishbase
Pomacentrus vaiuli,10,Fishbase2022,rfishbase
Pomacentrus wardi,8,Fishbase2022,rfishbase
Pomachromis richardsoni,6,Fishbase2022,rfishbase
Premnas biaculeatus,17,Fishbase2022,rfishbase
Priacanthus hamrur,45,Fishbase2022,rfishbase
Prionurus maculatus,45,Fishbase2022,rfishbase
Prionurus microlepidotus,70,Fishbase2022,rfishbase
Pristiapogon exostigma,12,Fishbase2022,rfishbase
Pristiapogon kallopterus,15.5,Fishbase2022,rfishbase
Pristicon trimaculatus,14.1599998474121,Fishbase2022,rfishbase
Pseudanthias hypselosoma,19,Fishbase2022,rfishbase
Psammoperca waigiensis,47,Fishbase2022,rfishbase
Pseudanthias huchtii,12,Fishbase2022,rfishbase
Pseudanthias pictilis,13.5,Fishbase2022,rfishbase
Pseudanthias rubrizonatus,12,Fishbase2022,rfishbase
Pseudanthias squamipinnis,15,Fishbase2022,rfishbase
Pseudanthias tuka,12,Fishbase2022,rfishbase
Pseudocaranx dentex,122,Fishbase2022,rfishbase
Pseudocaranx wrighti,70,Fishbase2022,rfishbase
Pseudocheilinus evanidus,9,Fishbase2022,rfishbase
Pseudocheilinus hexataenia,10,Fishbase2022,rfishbase
Pseudocheilinus octotaenia,14,Fishbase2022,rfishbase
Pseudochromis fuscus,10,Fishbase2022,rfishbase
Pseudochromis wilsoni,8,Fishbase2022,rfishbase
Pseudocoris yamashiroi,16,Fishbase2022,rfishbase
Pseudodax moluccanus,30,Fishbase2022,rfishbase
Pseudogoniistius nigripes,41,Fishbase2022,rfishbase
Pseudojuloides elongatus,14,Fishbase2022,rfishbase
Pseudolabrus biserialis,17.2000007629395,Fishbase2022,rfishbase
Pseudolabrus guentheri,18,Fishbase2022,rfishbase
Pseudolabrus luculentus,17,Fishbase2022,rfishbase
Pseudolabrus rubicundus,20,Fishbase2022,manual
Pseudophycis bachus,90,Fishbase2022,rfishbase
Pseudophycis barbata,63,Fishbase2022,rfishbase
Pseudorhombus jenynsii,34,Fishbase2022,rfishbase
Pteragogus cryptus,9.5,Fishbase2022,rfishbase
Pteragogus enneacanthus,15,Fishbase2022,rfishbase
Ptereleotris evides,14,Fishbase2022,rfishbase
Ptereleotris heteroptera,14,Fishbase2022,rfishbase
Ptereleotris microlepis,13,Fishbase2022,rfishbase
Ptereleotris monoptera,12,Fishbase2022,rfishbase
Ptereleotris zebra,12,Fishbase2022,rfishbase
Pterocaesio digramma,30,Fishbase2022,rfishbase
Pterocaesio marri,35,Fishbase2022,rfishbase
Pterocaesio tile,30,Fishbase2022,rfishbase
Pterocaesio trilineata,20,Fishbase2022,rfishbase
Pterois antennata,20,Fishbase2022,rfishbase
Pterois volitans,45.7000007629395,Fishbase2022,rfishbase
Pygoplites diacanthus,25,Fishbase2022,rfishbase
Rhabdamia gracilis,7.40000009536743,Fishbase2022,rfishbase
Rhabdosargus sarba,80,Fishbase2022,rfishbase
Rhinecanthus aculeatus,30,Fishbase2022,rfishbase
Rhinecanthus rectangulus,30,Fishbase2022,rfishbase
Rhynchostracion nasus,30,Fishbase2022,rfishbase
Salarias fasciatus,14,Fishbase2022,rfishbase
Sargocentron caudimaculatum,25,Fishbase2022,rfishbase
Sargocentron cornutum,27,Fishbase2022,rfishbase
Sargocentron diadema,17,Fishbase2022,rfishbase
Sargocentron ittodai,20,Fishbase2022,rfishbase
Sargocentron rubrum,32,Fishbase2022,rfishbase
Sargocentron spiniferum,51,Fishbase2022,rfishbase
Saurida gracilis,32,Fishbase2022,rfishbase
Saurida nebulosa,16.5,Fishbase2022,rfishbase
Scaevius milii,20,Fishbase2022,rfishbase
Scarus altipinnis,60,Fishbase2022,rfishbase
Scarus chameleon,31,Fishbase2022,rfishbase
Scarus dimidiatus,40,Fishbase2022,rfishbase
Scarus flavipectoralis,40,Fishbase2022,rfishbase
Scarus forsteni,55,Fishbase2022,rfishbase
Scarus frenatus,47,Fishbase2022,rfishbase
Scarus ghobban,75,Fishbase2022,rfishbase
Scarus globiceps,45,Fishbase2022,rfishbase
Scarus longipinnis,40,Fishbase2022,rfishbase
Scarus niger,40,Fishbase2022,rfishbase
Scarus oviceps,35,Fishbase2022,rfishbase
Scarus prasiognathos,70,Fishbase2022,rfishbase
Scarus psittacus,34,Fishbase2022,rfishbase
Scarus rivulatus,40,Fishbase2022,rfishbase
Scarus rubroviolaceus,70,Fishbase2022,rfishbase
Scarus schlegeli,40,Fishbase2022,rfishbase
Scarus spinus,30,Fishbase2022,rfishbase
Schuettea scalaripinnis,20,Fishbase2022,rfishbase
Schuettea woodwardi,24,Fishbase2022,rfishbase
Scobinichthys granulatus,30,Fishbase2022,rfishbase
Scolopsis bilineata,25,Fishbase2022,rfishbase
Scolopsis lineata,25,Fishbase2022,rfishbase
Scolopsis monogramma,38,Fishbase2022,rfishbase
Scolopsis trilineata,25,Fishbase2022,rfishbase
Scolopsis vosmeri,25,Fishbase2022,rfishbase
Scolopsis xenochrous,22,Fishbase2022,rfishbase
Scomberoides lysan,110,Fishbase2022,rfishbase
Scomberomorus commerson,240,Fishbase2022,rfishbase
Sebastapistes cyanostigma,10,Fishbase2022,rfishbase
Sebastapistes strongia,9.5,Fishbase2022,rfishbase
Scorpaena cardinalis,18,Fishbase2022,rfishbase
Scorpaena jacksoniensis,33.6500015258789,Fishbase2022,rfishbase
Scorpaena papillosa,30,Fishbase2022,rfishbase
Scorpaena sumptuosa,40,Fishbase2022,rfishbase
Scorpaenodes evides,10.5,Fishbase2022,rfishbase
Scorpis aequipinnis,40,Fishbase2022,rfishbase
Scorpis georgiana,33,Fishbase2022,rfishbase
Scorpis lineolata,30,Fishbase2022,rfishbase
Scorpis violacea,40,Fishbase2022,rfishbase
Selenotoca multifasciata,40,Fishbase2022,rfishbase
Seriola hippos,150,Fishbase2022,rfishbase
Seriola lalandi,250,Fishbase2022,rfishbase
Serranocirrhitus latus,13,Fishbase2022,rfishbase
Siganus argenteus,40,Fishbase2022,rfishbase
Siganus canaliculatus,40,Fishbase2022,rfishbase
Siganus corallinus,35,Fishbase2022,rfishbase
Siganus doliatus,25,Fishbase2022,rfishbase
Siganus fuscescens,40,Fishbase2022,rfishbase
Siganus lineatus,43,Fishbase2022,rfishbase
Siganus puellus,38,Fishbase2022,rfishbase
Siganus punctatissimus,35,Fishbase2022,rfishbase
Siganus punctatus,40,Fishbase2022,rfishbase
Siganus trispilos,25,Fishbase2022,rfishbase
Siganus virgatus,30,Fishbase2022,rfishbase
Siganus vulpinus,25,Fishbase2022,rfishbase
Signigobius biocellatus,10,Fishbase2022,rfishbase
Sillaginodes punctatus,72,Fishbase2022,rfishbase
Sillago ciliata,51,Fishbase2022,rfishbase
Sillago robusta,30,Fishbase2022,rfishbase
Spiniraja whitleyi,200,Fishbase2022,rfishbase
Siphamia cephalotes,5,Fishbase2022,rfishbase
Siphonognathus attenuatus,12,Fishbase2022,rfishbase
Siphonognathus beddomei,12,Fishbase2022,rfishbase
Siphonognathus caninis,10,Fishbase2022,rfishbase
Siphonognathus radiatus,18,Fishbase2022,rfishbase
Sphyraena jello,150,Fishbase2022,rfishbase
Sphyraena novaehollandiae,100,Fishbase2022,rfishbase
Sphyraena obtusata,55,Fishbase2022,rfishbase
Sphyraena qenie,170,Fishbase2022,rfishbase
Spratelloides robustus,12,Fishbase2022,rfishbase
Stanulus talboti,4.80000019073486,Fishbase2022,rfishbase
Stegastes albifasciatus,13,Fishbase2022,rfishbase
Stegastes apicalis,15,Fishbase2022,rfishbase
Stegastes fasciolatus,16.5,Fishbase2022,rfishbase
Stegastes gascoynei,15,Fishbase2022,rfishbase
Stegastes nigricans,14,Fishbase2022,rfishbase
Stegastes obreptus,12,Fishbase2022,rfishbase
Stegastes punctatus,13,Fishbase2022,rfishbase
Stethojulis bandanensis,15,Fishbase2022,rfishbase
Stethojulis interrupta,13,Fishbase2022,rfishbase
Stethojulis strigiventer,15,Fishbase2022,rfishbase
Suezichthys arquatus,13.5,Fishbase2022,rfishbase
Suezichthys cyanolaemus,9.69999980926514,Fishbase2022,rfishbase
Suezichthys devisi,14,Fishbase2022,rfishbase
Sufflamen bursa,25,Fishbase2022,rfishbase
Sufflamen chrysopterum,30,Fishbase2022,rfishbase
Sufflamen fraenatum,38,Fishbase2022,rfishbase
Symphorus nematophorus,100,Fishbase2022,rfishbase
Taeniura lymma,35,Fishbase2022,rfishbase
Synodus binotatus,18,Fishbase2022,rfishbase
Synodus dermatogenys,24,Fishbase2022,rfishbase
Synodus jaculum,20,Fishbase2022,rfishbase
Synodus rubromarmoratus,20,Fishbase2022,rfishbase
Synodus variegatus,40,Fishbase2022,rfishbase
Taeniamia biguttata,11,Fishbase2022,rfishbase
Taeniamia fucata,10,Fishbase2022,rfishbase
Taeniamia leai,9,Fishbase2022,rfishbase
Taeniamia melasma,8.60000038146973,Fishbase2022,rfishbase
Taeniamia zosterophora,8,Fishbase2022,rfishbase
Tetractenos glaber,15,Fishbase2022,rfishbase
Thalassoma amblycephalum,16,Fishbase2022,rfishbase
Thalassoma hardwicke,20,Fishbase2022,rfishbase
Thalassoma jansenii,20,Fishbase2022,rfishbase
Thalassoma lunare,45,Fishbase2022,rfishbase
Thalassoma lutescens,30,Fishbase2022,rfishbase
Thalassoma nigrofasciatum,20,Fishbase2022,rfishbase
Thalassoma purpureum,46,Fishbase2022,rfishbase
Thalassoma quinquevittatum,17,Fishbase2022,rfishbase
Thalassoma septemfasciatum,31,Fishbase2022,rfishbase
Thalassoma trilobatum,30,Fishbase2022,rfishbase
Thamnaconus analis,19.2999992370605,Fishbase2022,rfishbase
Tilodon sexfasciatus,40,Fishbase2022,rfishbase
Torquigener pleurogramma,21,Fishbase2022,rfishbase
Trachichthys australis,15,Fishbase2022,rfishbase
Trachinops brauni,8,Fishbase2022,rfishbase
Trachinops caudimaculatus,15,Fishbase2022,rfishbase
Trachinops noarlungae,15,Fishbase2022,rfishbase
Trachinops taeniatus,NA,Fishbase2022,rfishbase
Trachinotus blochii,110,Fishbase2022,rfishbase
Trachurus declivis,64,Fishbase2022,rfishbase
Trachurus novaezelandiae,50,Fishbase2022,rfishbase
Trachypoma macracanthus,22,Fishbase2022,rfishbase
Triaenodon obesus,213,Fishbase2022,rfishbase
Trimma taylori,3.5,Fishbase2022,rfishbase
Trinorfolkia clarkei,8,Fishbase2022,rfishbase
Trygonoptera imitata,68.9000015258789,Fishbase2022,rfishbase
Trygonoptera ovalis,61,Fishbase2022,rfishbase
Trygonoptera testacea,47,Fishbase2022,rfishbase
Trygonorrhina fasciata,120,Fishbase2022,rfishbase
Tylosurus crocodilus,150,Fishbase2022,rfishbase
Tylosurus gavialoides,75,Fishbase2022,rfishbase
Upeneichthys lineatus,40,Fishbase2022,rfishbase
Upeneichthys vlamingii,35,Fishbase2022,rfishbase
Upeneus tragula,25,Fishbase2022,rfishbase
Urolophus cruciatus,50,Fishbase2022,rfishbase
Urolophus kapalensis,43.2999992370605,Fishbase2022,rfishbase
Urolophus paucimaculatus,57,Fishbase2022,rfishbase
Valenciennea alleni,7.40000009536743,Fishbase2022,rfishbase
Valenciennea longipinnis,18,Fishbase2022,rfishbase
Valenciennea muralis,16,Fishbase2022,rfishbase
Valenciennea parva,10,Fishbase2022,rfishbase
Valenciennea puellaris,20,Fishbase2022,rfishbase
Valenciennea sexguttata,14,Fishbase2022,rfishbase
Valenciennea strigata,18,Fishbase2022,rfishbase
Variola albimarginata,65,Fishbase2022,rfishbase
Variola louti,83,Fishbase2022,rfishbase
Vincentia conspersa,14,Fishbase2022,rfishbase
Vincentia novaehollandiae,NA,Fishbase2022,rfishbase
Zanclus cornutus,23,Fishbase2022,rfishbase
Zebrasoma scopas,40,Fishbase2022,rfishbase
Zebrasoma velifer,40,Fishbase2022,rfishbase
Zoramia viridiventer,4.23000001907349,Fishbase2022,rfishbase
